Order_ID,Product_Category,Order_Amount,Shipping_Time,Payment_Method,Customer_Region,Review_Rating
2001.0,Clothing,768.42,13.0,Bank Transfer,Africa,5.0
2002.0,Sports,450.84,13.0,Credit Card,,3.0
2003.0,,352.54,,PayPal,Africa,5.0
2004.0,Clothing,456.69,15.0,Credit Card,North America,5.0
2005.0,,751.07,19.0,Crypto,North America,2.0
,Sports,903.2,3.0,Crypto,Asia,2.0
2007.0,Clothing,59.27,14.0,Credit Card,Africa,4.0
2008.0,Electronics,528.87,,Credit Card,Australia,1.0
2009.0,Electronics,,17.0,Bank Transfer,Africa,3.0
2010.0,Beauty,473.73,8.0,,North America,4.0
2011.0,Electronics,886.43,18.0,Crypto,Europe,4.0
,Clothing,367.97,12.0,Crypto,Asia,3.0
2013.0,Clothing,933.13,17.0,PayPal,Europe,3.0
,Home & Kitchen,634.3,11.0,Crypto,Australia,5.0
,Electronics,934.81,9.0,Crypto,,1.0
2016.0,Sports,759.59,15.0,Credit Card,Australia,2.0
2017.0,Sports,112.4,9.0,Crypto,,1.0
2018.0,Beauty,238.84,12.0,Crypto,Africa,
2019.0,Home & Kitchen,400.23,11.0,Crypto,Australia,2.0
2020.0,Sports,178.41,,PayPal,North America,1.0
2021.0,Beauty,499.96,6.0,Bank Transfer,North America,4.0
2022.0,Electronics,476.65,8.0,Credit Card,Asia,4.0
2023.0,Home & Kitchen,956.7,10.0,Bank Transfer,North America,
2024.0,Home & Kitchen,439.39,15.0,Crypto,North America,2.0
,Clothing,787.77,4.0,Crypto,Europe,3.0
2026.0,Electronics,942.49,18.0,Crypto,North America,3.0
2027.0,Home & Kitchen,878.22,11.0,Bank Transfer,North America,1.0
2028.0,Beauty,216.58,9.0,PayPal,Europe,1.0
2029.0,,501.07,,PayPal,North America,2.0
2030.0,Electronics,354.26,8.0,Credit Card,North America,1.0
2031.0,Electronics,405.86,3.0,Bank Transfer,,5.0
2032.0,Home & Kitchen,367.2,18.0,PayPal,North America,4.0
2033.0,Home & Kitchen,828.1,14.0,Credit Card,North America,1.0
2034.0,Home & Kitchen,457.62,3.0,Crypto,,1.0
2035.0,Beauty,528.46,17.0,Crypto,Europe,
2036.0,Clothing,982.62,4.0,Credit Card,North America,5.0
2037.0,Home & Kitchen,69.38,18.0,PayPal,Australia,1.0
2038.0,Clothing,493.08,15.0,Bank Transfer,Europe,4.0
2039.0,Clothing,776.32,19.0,Credit Card,Europe,1.0
2040.0,Electronics,159.65,6.0,PayPal,North America,2.0
2041.0,Sports,615.42,15.0,Credit Card,,5.0
2042.0,Sports,247.07,7.0,PayPal,Europe,1.0
2043.0,Beauty,868.73,12.0,Crypto,Asia,5.0
2044.0,Beauty,333.83,16.0,Credit Card,Australia,1.0
2045.0,Sports,335.77,9.0,,Asia,4.0
2046.0,Sports,602.21,5.0,,Africa,4.0
2047.0,Electronics,191.73,11.0,Crypto,Asia,5.0
,Electronics,,2.0,Crypto,Europe,3.0
2049.0,Sports,422.47,16.0,PayPal,Asia,3.0
2050.0,Home & Kitchen,360.1,4.0,Crypto,Asia,2.0
2051.0,Home & Kitchen,529.63,5.0,,Africa,3.0
2052.0,Electronics,603.64,7.0,Crypto,Africa,5.0
2053.0,Clothing,571.0,6.0,PayPal,North America,3.0
2054.0,Sports,657.63,10.0,Bank Transfer,,2.0
2055.0,Beauty,,14.0,PayPal,North America,1.0
2056.0,Home & Kitchen,135.16,8.0,PayPal,Africa,3.0
2057.0,Clothing,763.2,14.0,Bank Transfer,Asia,5.0
2058.0,Home & Kitchen,852.27,14.0,PayPal,Africa,
2059.0,Clothing,264.44,3.0,PayPal,Australia,2.0
2060.0,Sports,413.02,1.0,Bank Transfer,Asia,2.0
2061.0,Sports,,9.0,Crypto,North America,4.0
2062.0,Sports,537.99,9.0,Credit Card,,4.0
2063.0,Electronics,662.9,2.0,PayPal,Australia,4.0
,Clothing,51.19,16.0,Crypto,Africa,1.0
,Beauty,724.26,8.0,Credit Card,,5.0
2066.0,Beauty,71.35,6.0,Bank Transfer,Europe,4.0
2067.0,,,13.0,,Europe,
2068.0,Beauty,,1.0,PayPal,Africa,
,,456.7,19.0,Bank Transfer,,
2070.0,Clothing,157.6,15.0,PayPal,Australia,2.0
2071.0,Clothing,,1.0,Credit Card,Africa,5.0
2072.0,Clothing,890.39,10.0,Credit Card,Europe,4.0
2073.0,Home & Kitchen,773.6,1.0,Bank Transfer,North America,
2074.0,Electronics,417.4,12.0,PayPal,Africa,3.0
2075.0,,192.01,11.0,Crypto,Africa,1.0
2076.0,Clothing,,17.0,PayPal,,5.0
2077.0,Clothing,537.03,4.0,Bank Transfer,Europe,4.0
2078.0,Clothing,853.83,7.0,Crypto,,
2079.0,,348.67,12.0,Credit Card,Australia,1.0
2080.0,Electronics,341.94,13.0,,Africa,4.0
2081.0,,985.69,5.0,Crypto,Australia,2.0
2082.0,Clothing,526.61,6.0,Crypto,Australia,5.0
2083.0,Sports,149.29,2.0,Bank Transfer,Australia,3.0
2084.0,Electronics,227.48,7.0,PayPal,Asia,3.0
2085.0,Sports,487.12,14.0,Credit Card,Australia,5.0
2086.0,Electronics,52.05,14.0,PayPal,Europe,
2087.0,Clothing,467.91,10.0,Credit Card,Europe,5.0
2088.0,Electronics,424.75,4.0,PayPal,North America,2.0
,Electronics,781.54,3.0,Credit Card,North America,1.0
2090.0,Clothing,361.39,14.0,PayPal,Australia,3.0
2091.0,Sports,982.72,6.0,Bank Transfer,Australia,2.0
2092.0,Sports,188.96,15.0,Credit Card,Asia,4.0
2093.0,,595.08,8.0,Bank Transfer,Australia,4.0
2094.0,Sports,98.8,5.0,Credit Card,Australia,
2095.0,Sports,736.53,3.0,Credit Card,Australia,3.0
2096.0,Electronics,994.81,3.0,,Africa,5.0
2097.0,,,13.0,PayPal,Africa,1.0
2098.0,Clothing,,,Credit Card,Asia,3.0
,Clothing,,1.0,Bank Transfer,Asia,2.0
2100.0,Home & Kitchen,836.68,12.0,PayPal,,2.0
2101.0,Beauty,936.61,8.0,PayPal,Asia,4.0
,Electronics,989.31,19.0,Credit Card,,
2103.0,Home & Kitchen,402.57,9.0,Crypto,Australia,
2104.0,,991.01,14.0,PayPal,,2.0
2105.0,Clothing,164.37,18.0,Credit Card,Asia,2.0
2106.0,Sports,,10.0,Bank Transfer,Asia,5.0
2107.0,Electronics,98.13,9.0,Crypto,Europe,5.0
,Beauty,279.02,6.0,PayPal,Europe,
2109.0,Home & Kitchen,770.26,1.0,Crypto,North America,4.0
2110.0,Electronics,854.4,5.0,PayPal,Europe,1.0
2111.0,Clothing,781.1,,Crypto,Europe,5.0
2112.0,Home & Kitchen,,13.0,Crypto,Africa,
2113.0,Home & Kitchen,518.83,4.0,,Asia,5.0
2114.0,Clothing,711.62,1.0,Crypto,Europe,4.0
2115.0,,396.93,2.0,Bank Transfer,Asia,1.0
2116.0,Clothing,842.9,4.0,Credit Card,Asia,5.0
2117.0,Electronics,680.42,17.0,PayPal,Africa,1.0
2118.0,Electronics,700.83,10.0,Bank Transfer,,3.0
2119.0,Electronics,540.58,12.0,,Europe,2.0
2120.0,Sports,886.38,2.0,Bank Transfer,,1.0
,Home & Kitchen,259.49,3.0,PayPal,North America,5.0
,Electronics,,14.0,Bank Transfer,,4.0
2123.0,Sports,779.87,15.0,PayPal,,4.0
2124.0,Home & Kitchen,497.82,13.0,,Europe,4.0
2125.0,Electronics,890.32,9.0,PayPal,Africa,4.0
2126.0,Clothing,352.94,2.0,Credit Card,North America,
2127.0,Beauty,375.64,19.0,Credit Card,Europe,4.0
2128.0,Electronics,889.85,16.0,,Asia,2.0
2129.0,Beauty,469.73,11.0,Crypto,Europe,3.0
2130.0,,520.96,12.0,PayPal,,1.0
2131.0,Clothing,339.44,1.0,Crypto,Europe,1.0
2132.0,Beauty,283.9,2.0,Crypto,,4.0
2133.0,Sports,659.39,16.0,PayPal,Australia,4.0
2134.0,Clothing,128.64,2.0,Credit Card,Africa,1.0
2135.0,,880.48,19.0,Crypto,Europe,
2136.0,Beauty,781.41,10.0,Crypto,,4.0
2137.0,Clothing,198.84,19.0,,Europe,4.0
2138.0,Clothing,697.08,10.0,PayPal,North America,4.0
2139.0,Clothing,606.61,16.0,Crypto,North America,4.0
2140.0,Home & Kitchen,192.69,13.0,PayPal,Asia,5.0
2141.0,Sports,280.47,16.0,PayPal,North America,5.0
2142.0,Electronics,414.9,18.0,Crypto,Australia,5.0
2143.0,Beauty,702.25,8.0,PayPal,Australia,1.0
2144.0,,,,Credit Card,,
2145.0,Clothing,536.91,13.0,Crypto,Africa,1.0
2146.0,Sports,770.73,7.0,,Australia,5.0
2147.0,Sports,760.36,18.0,Crypto,,1.0
,Home & Kitchen,621.68,6.0,Bank Transfer,Africa,3.0
,Clothing,789.12,9.0,Bank Transfer,North America,4.0
,Beauty,340.92,6.0,Bank Transfer,Europe,2.0
2151.0,Home & Kitchen,882.44,18.0,Bank Transfer,Africa,5.0
2152.0,Clothing,,,Crypto,Asia,5.0
2153.0,Home & Kitchen,824.14,12.0,Credit Card,Asia,
2154.0,Electronics,550.82,3.0,PayPal,Australia,4.0
2155.0,Clothing,,5.0,,Africa,4.0
2156.0,,546.99,7.0,Crypto,,2.0
2157.0,Beauty,377.4,10.0,Credit Card,Australia,4.0
2158.0,Clothing,700.52,10.0,PayPal,Europe,3.0
,Home & Kitchen,481.04,19.0,Credit Card,Europe,4.0
2160.0,Sports,837.75,4.0,Crypto,Africa,3.0
2161.0,Clothing,681.29,10.0,Bank Transfer,Africa,5.0
2162.0,Beauty,687.7,18.0,Credit Card,Africa,5.0
2163.0,Electronics,224.98,3.0,PayPal,Africa,5.0
,Beauty,984.41,3.0,PayPal,Asia,1.0
2165.0,Sports,843.26,5.0,PayPal,Asia,5.0
2166.0,Beauty,,,,Australia,3.0
2167.0,Sports,336.91,13.0,Credit Card,Asia,2.0
,Clothing,540.28,11.0,Credit Card,Europe,4.0
2169.0,Beauty,145.73,13.0,PayPal,Australia,5.0
2170.0,Home & Kitchen,543.09,19.0,Credit Card,Asia,1.0
2171.0,Home & Kitchen,154.43,6.0,PayPal,Africa,1.0
2172.0,Beauty,557.51,13.0,Credit Card,Asia,3.0
2173.0,Beauty,652.23,4.0,Bank Transfer,North America,2.0
2174.0,Electronics,,5.0,Bank Transfer,Australia,5.0
2175.0,Beauty,503.56,19.0,Crypto,Asia,5.0
2176.0,Electronics,876.9,5.0,Crypto,Asia,1.0
2177.0,Electronics,117.48,14.0,Crypto,Europe,3.0
2178.0,Electronics,793.82,4.0,Credit Card,,1.0
2179.0,Electronics,179.05,12.0,,Africa,1.0
2180.0,Clothing,,6.0,Bank Transfer,Europe,2.0
2181.0,Home & Kitchen,193.72,19.0,Bank Transfer,Europe,3.0
2182.0,Electronics,,10.0,PayPal,North America,2.0
2183.0,Home & Kitchen,411.07,1.0,Credit Card,Australia,
2184.0,Electronics,873.8,16.0,Credit Card,Africa,5.0
,Home & Kitchen,529.46,4.0,,Europe,4.0
2186.0,Beauty,32.03,9.0,PayPal,Europe,4.0
2187.0,Beauty,719.55,18.0,,Australia,3.0
2188.0,Home & Kitchen,119.13,17.0,Bank Transfer,Europe,4.0
2189.0,Electronics,791.49,15.0,Crypto,North America,1.0
2190.0,Clothing,176.42,,Credit Card,Australia,5.0
2191.0,Home & Kitchen,351.99,7.0,PayPal,North America,5.0
2192.0,,763.66,,Bank Transfer,,4.0
2193.0,,954.69,6.0,Credit Card,Africa,3.0
2194.0,Sports,377.72,19.0,Bank Transfer,,1.0
,Home & Kitchen,831.11,12.0,Credit Card,Australia,
2196.0,Electronics,198.88,3.0,Bank Transfer,North America,4.0
,Sports,809.11,1.0,Credit Card,,5.0
2198.0,Home & Kitchen,660.92,5.0,Crypto,Africa,5.0
2199.0,Clothing,200.82,1.0,Credit Card,Europe,3.0
2200.0,Electronics,309.48,8.0,Credit Card,Africa,2.0
,Sports,,,Credit Card,Europe,3.0
,Home & Kitchen,389.14,15.0,Bank Transfer,Asia,2.0
2203.0,Electronics,211.61,11.0,,Europe,3.0
,Electronics,647.56,,Credit Card,North America,2.0
2205.0,Beauty,994.56,,Credit Card,Africa,2.0
,Electronics,21.89,9.0,Crypto,Africa,2.0
2207.0,Home & Kitchen,545.51,5.0,Credit Card,Africa,2.0
2208.0,Clothing,,4.0,Crypto,Europe,1.0
2209.0,Beauty,915.07,,Credit Card,Australia,2.0
,Home & Kitchen,510.95,1.0,Bank Transfer,Europe,2.0
2211.0,Home & Kitchen,,13.0,PayPal,North America,5.0
2212.0,Home & Kitchen,476.94,1.0,PayPal,,1.0
2213.0,,276.22,3.0,,Africa,2.0
2214.0,Sports,65.47,8.0,Bank Transfer,Asia,4.0
2215.0,Clothing,414.57,18.0,Crypto,North America,1.0
2216.0,Home & Kitchen,62.07,16.0,PayPal,Asia,5.0
2217.0,Sports,554.99,16.0,Bank Transfer,North America,3.0
2218.0,Sports,314.22,,Bank Transfer,North America,5.0
2219.0,Sports,538.27,17.0,Credit Card,Africa,5.0
2220.0,Clothing,142.95,10.0,Crypto,Europe,1.0
2221.0,Clothing,933.3,7.0,Bank Transfer,Africa,1.0
2222.0,Home & Kitchen,895.58,,Crypto,,4.0
2223.0,Beauty,198.1,19.0,PayPal,Africa,4.0
,Home & Kitchen,350.01,9.0,PayPal,Asia,1.0
2225.0,Sports,617.36,,PayPal,North America,1.0
2226.0,Sports,104.73,,Credit Card,Australia,1.0
2227.0,Electronics,361.02,9.0,Credit Card,Europe,3.0
2228.0,Home & Kitchen,258.6,5.0,Crypto,Africa,5.0
,Sports,916.36,7.0,Crypto,North America,4.0
2230.0,Sports,853.99,11.0,Credit Card,Europe,4.0
2231.0,Beauty,584.03,8.0,Bank Transfer,Australia,2.0
2232.0,Electronics,525.14,14.0,Crypto,Australia,3.0
2233.0,Home & Kitchen,931.42,2.0,Crypto,Africa,1.0
2234.0,Clothing,933.1,10.0,PayPal,Australia,
,Home & Kitchen,969.64,,Crypto,Australia,3.0
2236.0,Home & Kitchen,,,Crypto,Europe,4.0
2237.0,Beauty,168.95,19.0,Bank Transfer,Europe,1.0
2238.0,Home & Kitchen,679.97,,Crypto,Africa,
2239.0,Beauty,546.02,6.0,Bank Transfer,North America,4.0
2240.0,Beauty,28.28,6.0,PayPal,Africa,5.0
2241.0,Sports,71.36,7.0,Credit Card,Asia,3.0
2242.0,Clothing,889.2,16.0,PayPal,Australia,4.0
2243.0,Beauty,870.18,13.0,Bank Transfer,North America,5.0
2244.0,Electronics,363.7,3.0,Bank Transfer,Europe,2.0
2245.0,,892.14,9.0,Crypto,Asia,3.0
2246.0,,597.74,3.0,Crypto,Asia,1.0
2247.0,Beauty,807.85,6.0,Credit Card,Australia,1.0
2248.0,Clothing,433.16,17.0,Bank Transfer,Europe,5.0
2249.0,Sports,122.26,3.0,Bank Transfer,North America,4.0
2250.0,Electronics,439.39,2.0,PayPal,,2.0
2251.0,Home & Kitchen,462.73,12.0,Credit Card,Australia,5.0
2252.0,,555.43,6.0,PayPal,Asia,2.0
2253.0,Beauty,114.53,10.0,Crypto,Australia,2.0
,Clothing,991.49,11.0,Crypto,Africa,2.0
2255.0,Electronics,251.7,16.0,PayPal,Asia,3.0
2256.0,Home & Kitchen,206.57,16.0,Crypto,Australia,5.0
2257.0,Home & Kitchen,531.53,18.0,PayPal,North America,3.0
2258.0,Clothing,541.84,9.0,,North America,4.0
2259.0,Clothing,445.42,19.0,Bank Transfer,North America,4.0
2260.0,Electronics,774.17,2.0,Crypto,Africa,1.0
2261.0,Beauty,521.49,1.0,Credit Card,Europe,1.0
,Sports,613.6,16.0,Bank Transfer,North America,1.0
2263.0,Home & Kitchen,726.51,18.0,Crypto,,4.0
2264.0,Clothing,,3.0,Credit Card,,2.0
2265.0,Sports,574.94,,,Africa,2.0
2266.0,Sports,885.35,6.0,PayPal,North America,5.0
2267.0,Sports,27.21,,Crypto,Europe,4.0
2268.0,Beauty,411.13,19.0,PayPal,Australia,1.0
2269.0,Clothing,926.97,11.0,Bank Transfer,North America,4.0
,,359.62,8.0,Bank Transfer,Australia,
,Clothing,464.14,5.0,Crypto,,2.0
2272.0,Electronics,981.73,9.0,Credit Card,Europe,3.0
2273.0,,207.33,15.0,Crypto,Australia,3.0
2274.0,Clothing,74.6,14.0,Crypto,Africa,5.0
2275.0,Home & Kitchen,860.83,4.0,Bank Transfer,North America,4.0
2276.0,,869.78,8.0,Bank Transfer,North America,3.0
2277.0,Home & Kitchen,,17.0,Crypto,Africa,3.0
2278.0,Sports,519.07,,Bank Transfer,Europe,4.0
2279.0,Beauty,837.45,,PayPal,Asia,2.0
2280.0,Electronics,741.17,,Crypto,North America,5.0
2281.0,Home & Kitchen,272.5,2.0,Bank Transfer,Africa,5.0
2282.0,Electronics,26.72,11.0,,Asia,5.0
2283.0,Sports,484.9,,Bank Transfer,North America,3.0
2284.0,Beauty,,19.0,PayPal,Australia,2.0
2285.0,Electronics,896.88,14.0,PayPal,Africa,5.0
2286.0,Sports,956.66,11.0,Crypto,Australia,
2287.0,Sports,880.77,9.0,PayPal,,5.0
2288.0,Sports,584.24,7.0,PayPal,Asia,1.0
,Home & Kitchen,450.16,15.0,Bank Transfer,Africa,2.0
2290.0,Clothing,777.1,,Crypto,North America,1.0
,Electronics,742.42,3.0,Bank Transfer,North America,
2292.0,Clothing,542.76,15.0,Bank Transfer,Asia,4.0
2293.0,Sports,,14.0,Credit Card,Australia,3.0
2294.0,Clothing,,8.0,PayPal,Australia,3.0
2295.0,Sports,461.05,4.0,Bank Transfer,Africa,
2296.0,Sports,369.7,10.0,Bank Transfer,Africa,
2297.0,Beauty,633.27,2.0,Bank Transfer,Australia,1.0
2298.0,,677.1,14.0,PayPal,Africa,4.0
2299.0,Clothing,218.58,8.0,PayPal,Australia,5.0
2300.0,Electronics,838.57,10.0,PayPal,Asia,3.0
2301.0,Clothing,297.04,18.0,,Africa,5.0
2302.0,Electronics,194.82,15.0,Bank Transfer,Australia,1.0
2303.0,Clothing,412.34,5.0,,Africa,3.0
2304.0,Home & Kitchen,,,Bank Transfer,North America,2.0
2305.0,Home & Kitchen,965.8,,Crypto,North America,4.0
2306.0,Electronics,811.19,2.0,Credit Card,Europe,4.0
2307.0,Beauty,940.94,13.0,Crypto,,3.0
2308.0,Electronics,149.2,,,Europe,2.0
2309.0,Clothing,80.47,10.0,PayPal,Australia,1.0
2310.0,Sports,562.13,,,Africa,
,Home & Kitchen,297.39,15.0,,Australia,3.0
2312.0,Sports,829.77,8.0,PayPal,North America,4.0
2313.0,Home & Kitchen,675.27,,PayPal,Africa,2.0
2314.0,Clothing,971.02,14.0,Crypto,North America,1.0
2315.0,Home & Kitchen,262.24,9.0,Bank Transfer,Africa,2.0
2316.0,Electronics,,3.0,Crypto,Australia,5.0
2317.0,Sports,506.23,15.0,Crypto,Australia,2.0
2318.0,Sports,246.79,17.0,Bank Transfer,North America,2.0
2319.0,Clothing,594.19,16.0,,Asia,4.0
,Sports,,4.0,Credit Card,Australia,2.0
2321.0,Clothing,452.25,11.0,Crypto,Asia,3.0
2322.0,Beauty,369.11,8.0,,Africa,4.0
2323.0,,26.76,3.0,PayPal,Asia,4.0
,Home & Kitchen,526.87,19.0,Credit Card,North America,5.0
,Home & Kitchen,341.9,,,Europe,3.0
2326.0,Home & Kitchen,11.31,9.0,Bank Transfer,Europe,2.0
2327.0,Beauty,314.86,3.0,Credit Card,North America,5.0
2328.0,Electronics,285.84,4.0,Credit Card,Europe,3.0
2329.0,Sports,399.51,4.0,PayPal,North America,5.0
,Sports,140.53,11.0,Credit Card,Australia,1.0
2331.0,Electronics,512.61,19.0,Crypto,Asia,2.0
2332.0,Electronics,695.52,16.0,Bank Transfer,,
2333.0,Home & Kitchen,633.88,17.0,Credit Card,Australia,1.0
2334.0,Sports,805.72,10.0,Credit Card,Europe,2.0
,Electronics,457.49,17.0,Crypto,,5.0
2336.0,Sports,,16.0,PayPal,,
2337.0,Electronics,812.3,6.0,PayPal,North America,
2338.0,Clothing,433.42,7.0,Bank Transfer,Australia,5.0
2339.0,Home & Kitchen,704.58,14.0,Crypto,Africa,4.0
2340.0,Electronics,440.26,11.0,PayPal,Asia,5.0
2341.0,Beauty,,12.0,Bank Transfer,Africa,4.0
2342.0,Electronics,762.6,14.0,Bank Transfer,Africa,4.0
2343.0,Clothing,,5.0,PayPal,Asia,1.0
2344.0,Beauty,345.2,5.0,Crypto,Asia,2.0
2345.0,Beauty,231.93,15.0,Credit Card,Africa,4.0
,Electronics,365.52,1.0,PayPal,,3.0
2347.0,Clothing,238.07,9.0,Credit Card,,4.0
2348.0,Beauty,583.61,3.0,Credit Card,Africa,3.0
2349.0,Home & Kitchen,,4.0,Crypto,Europe,1.0
2350.0,Home & Kitchen,788.75,16.0,Crypto,Asia,3.0
2351.0,Sports,370.86,7.0,Bank Transfer,Asia,1.0
,Sports,988.87,14.0,,Europe,1.0
2353.0,Clothing,597.92,16.0,Bank Transfer,Asia,1.0
2354.0,Beauty,405.41,18.0,,North America,
2355.0,Home & Kitchen,837.18,16.0,Credit Card,Asia,3.0
2356.0,Home & Kitchen,732.58,16.0,Crypto,Africa,1.0
2357.0,Clothing,751.78,2.0,PayPal,Australia,1.0
2358.0,Beauty,204.18,10.0,Bank Transfer,Europe,2.0
2359.0,Clothing,473.64,7.0,Crypto,Europe,1.0
2360.0,Electronics,863.21,15.0,Credit Card,Asia,5.0
2361.0,Home & Kitchen,509.0,9.0,PayPal,Asia,2.0
2362.0,Clothing,686.62,7.0,Crypto,Australia,2.0
2363.0,Clothing,592.05,16.0,Crypto,Australia,2.0
2364.0,Electronics,843.93,3.0,PayPal,Africa,5.0
2365.0,Sports,291.72,17.0,Bank Transfer,North America,2.0
2366.0,Home & Kitchen,579.72,8.0,,Africa,2.0
2367.0,Clothing,132.0,2.0,Crypto,Europe,3.0
,Home & Kitchen,693.31,3.0,Bank Transfer,Asia,3.0
2369.0,Sports,734.65,8.0,Bank Transfer,Africa,1.0
2370.0,Clothing,52.41,2.0,PayPal,Asia,1.0
2371.0,Electronics,679.03,19.0,Bank Transfer,Asia,
2372.0,Home & Kitchen,420.54,17.0,,Africa,5.0
2373.0,Electronics,132.86,5.0,PayPal,Africa,3.0
2374.0,Sports,425.71,17.0,Crypto,Australia,
2375.0,Sports,,10.0,Crypto,North America,5.0
,,421.4,9.0,PayPal,Australia,2.0
2377.0,Sports,390.5,6.0,Credit Card,North America,5.0
2378.0,Beauty,741.01,11.0,PayPal,Africa,3.0
2379.0,Home & Kitchen,776.47,,Credit Card,North America,4.0
2380.0,,610.96,,Bank Transfer,Europe,3.0
2381.0,Sports,32.46,12.0,Crypto,Australia,
2382.0,Home & Kitchen,931.71,16.0,Credit Card,Australia,1.0
2383.0,Beauty,689.37,12.0,,Australia,5.0
2384.0,Sports,43.85,18.0,,Asia,3.0
2385.0,Clothing,820.64,13.0,Crypto,Asia,1.0
2386.0,Clothing,208.26,15.0,Bank Transfer,Africa,2.0
2387.0,Electronics,583.43,16.0,Crypto,Africa,2.0
,,471.97,4.0,Crypto,Asia,4.0
2389.0,Beauty,425.64,12.0,,Australia,
2390.0,Clothing,,17.0,Credit Card,Asia,
2391.0,Home & Kitchen,442.99,1.0,PayPal,North America,4.0
2392.0,Home & Kitchen,84.59,18.0,Crypto,Australia,2.0
2393.0,Home & Kitchen,947.17,16.0,Crypto,Asia,4.0
2394.0,Clothing,921.33,,PayPal,Africa,4.0
2395.0,Clothing,687.59,10.0,,Asia,1.0
2396.0,Electronics,473.21,19.0,Bank Transfer,Europe,1.0
2397.0,Sports,101.93,16.0,Crypto,Asia,1.0
2398.0,Electronics,792.84,14.0,Bank Transfer,Australia,5.0
2399.0,Beauty,84.72,2.0,PayPal,Asia,4.0
2400.0,Home & Kitchen,77.91,6.0,Bank Transfer,Africa,4.0
,Clothing,542.01,,Crypto,North America,5.0
2402.0,Sports,168.53,12.0,,Europe,2.0
2403.0,Sports,17.65,4.0,Credit Card,Australia,3.0
2404.0,Clothing,428.88,,,Africa,2.0
2405.0,Electronics,145.85,5.0,Bank Transfer,Europe,5.0
,Sports,168.91,7.0,PayPal,,4.0
,Electronics,86.14,6.0,PayPal,Europe,4.0
2408.0,Clothing,213.04,,Credit Card,North America,1.0
2409.0,Electronics,718.33,4.0,Bank Transfer,Europe,1.0
2410.0,Home & Kitchen,810.84,13.0,PayPal,,4.0
2411.0,Clothing,458.01,4.0,PayPal,Asia,
2412.0,Clothing,511.49,10.0,Crypto,Asia,1.0
2413.0,Sports,42.33,1.0,Bank Transfer,Australia,
2414.0,Sports,78.62,8.0,Bank Transfer,Asia,2.0
2415.0,Sports,264.99,7.0,PayPal,Europe,4.0
,Home & Kitchen,548.46,5.0,Bank Transfer,North America,4.0
2417.0,Home & Kitchen,742.16,,Bank Transfer,Asia,5.0
2418.0,Beauty,608.95,15.0,Bank Transfer,,2.0
2419.0,Clothing,398.21,17.0,Crypto,Australia,
2420.0,Sports,127.14,13.0,PayPal,Europe,3.0
2421.0,Clothing,782.97,15.0,Credit Card,Asia,3.0
2422.0,Electronics,370.15,19.0,Bank Transfer,,1.0
2423.0,Home & Kitchen,,14.0,PayPal,Australia,
2424.0,Beauty,517.85,13.0,Credit Card,Asia,5.0
2425.0,Electronics,741.28,12.0,,Europe,1.0
2426.0,Clothing,908.22,9.0,PayPal,,1.0
2427.0,Home & Kitchen,921.82,,,Europe,3.0
,Sports,539.76,11.0,PayPal,Asia,1.0
2429.0,Electronics,516.39,10.0,Crypto,Europe,2.0
2430.0,Home & Kitchen,273.02,1.0,PayPal,Africa,2.0
,Clothing,936.44,17.0,Crypto,Africa,3.0
2432.0,Clothing,463.34,13.0,Credit Card,Asia,5.0
2433.0,Electronics,,14.0,PayPal,Asia,1.0
2434.0,,438.38,1.0,Credit Card,North America,4.0
2435.0,Electronics,135.78,2.0,Bank Transfer,Europe,3.0
2436.0,Beauty,,2.0,Credit Card,North America,1.0
2437.0,Sports,565.66,7.0,PayPal,,3.0
2438.0,Home & Kitchen,344.38,9.0,Credit Card,Asia,3.0
2439.0,,80.93,4.0,PayPal,Australia,5.0
,Clothing,944.07,2.0,Crypto,North America,4.0
2441.0,Sports,775.62,19.0,Bank Transfer,Asia,1.0
2442.0,Electronics,840.49,,Credit Card,Africa,
2443.0,Electronics,373.2,9.0,,Australia,3.0
2444.0,Clothing,763.22,,Credit Card,Europe,1.0
2445.0,Sports,490.52,12.0,PayPal,Australia,3.0
2446.0,,209.07,19.0,Credit Card,Europe,
2447.0,Electronics,133.18,9.0,Bank Transfer,Africa,3.0
2448.0,Home & Kitchen,,10.0,Credit Card,Europe,2.0
,,,19.0,,North America,2.0
2450.0,Home & Kitchen,998.29,,Bank Transfer,Europe,
2451.0,Beauty,58.7,12.0,PayPal,Europe,5.0
2452.0,Sports,446.73,14.0,Crypto,Australia,1.0
2453.0,Beauty,457.57,8.0,Crypto,Africa,5.0
,Electronics,307.63,16.0,Credit Card,Europe,5.0
2455.0,Sports,575.64,17.0,,North America,
2456.0,Electronics,158.48,4.0,PayPal,Australia,4.0
2457.0,Sports,786.07,6.0,Crypto,Africa,5.0
2458.0,,339.12,12.0,PayPal,Africa,5.0
2459.0,Electronics,595.43,18.0,PayPal,Asia,3.0
2460.0,Electronics,718.48,7.0,,North America,1.0
2461.0,Sports,890.15,5.0,Credit Card,Australia,4.0
2462.0,Sports,837.43,10.0,Bank Transfer,Australia,1.0
2463.0,Electronics,612.23,6.0,Crypto,North America,
2464.0,Electronics,,,Crypto,Africa,5.0
2465.0,Clothing,508.17,6.0,PayPal,Europe,5.0
2466.0,Clothing,771.05,14.0,,,1.0
2467.0,Clothing,878.77,12.0,,Australia,2.0
2468.0,Beauty,,12.0,PayPal,North America,3.0
2469.0,Sports,391.01,8.0,Credit Card,Africa,3.0
2470.0,,778.36,10.0,PayPal,Asia,5.0
2471.0,Beauty,437.34,16.0,PayPal,Asia,
2472.0,Sports,338.91,8.0,Crypto,Europe,4.0
2473.0,Home & Kitchen,417.21,9.0,Bank Transfer,Europe,1.0
2474.0,Clothing,,13.0,Crypto,Africa,
,Home & Kitchen,999.81,17.0,PayPal,Europe,2.0
2476.0,Electronics,,19.0,Bank Transfer,Asia,1.0
2477.0,Electronics,216.41,17.0,PayPal,Africa,4.0
2478.0,Sports,171.22,,PayPal,Africa,3.0
2479.0,Beauty,51.93,1.0,Credit Card,,
2480.0,Clothing,563.23,14.0,Crypto,North America,1.0
2481.0,,549.13,17.0,Crypto,Europe,3.0
,Clothing,213.18,13.0,PayPal,Australia,2.0
,Electronics,698.38,2.0,Credit Card,Asia,
2484.0,Beauty,743.7,,PayPal,Europe,3.0
2485.0,Beauty,266.51,1.0,PayPal,Asia,2.0
2486.0,Electronics,350.66,,PayPal,Europe,5.0
2487.0,Home & Kitchen,990.57,7.0,Credit Card,Australia,5.0
2488.0,Beauty,380.52,19.0,Bank Transfer,Asia,3.0
,Home & Kitchen,763.19,14.0,Credit Card,Australia,3.0
2490.0,Clothing,458.2,14.0,PayPal,Asia,4.0
2491.0,Beauty,795.41,15.0,Bank Transfer,North America,5.0
2492.0,Electronics,771.33,5.0,PayPal,North America,2.0
2493.0,,671.08,,Credit Card,Asia,3.0
2494.0,Clothing,856.23,,Credit Card,Asia,
2495.0,Clothing,939.83,18.0,Bank Transfer,Australia,4.0
2496.0,Beauty,584.18,9.0,Credit Card,Africa,
2497.0,Beauty,245.09,10.0,PayPal,Asia,4.0
2498.0,Sports,404.64,18.0,Bank Transfer,Europe,1.0
2499.0,,,4.0,Crypto,Europe,2.0
2500.0,,654.37,8.0,PayPal,Europe,
2501.0,Sports,,18.0,Crypto,North America,3.0
2502.0,Electronics,60.73,17.0,Bank Transfer,,4.0
2503.0,Electronics,686.13,16.0,Bank Transfer,North America,4.0
2504.0,Sports,258.57,18.0,PayPal,Europe,
2505.0,Beauty,504.67,7.0,Credit Card,Asia,5.0
2506.0,Electronics,,1.0,PayPal,Europe,2.0
2507.0,Clothing,,1.0,Credit Card,,1.0
2508.0,Beauty,,18.0,Credit Card,Australia,2.0
2509.0,Home & Kitchen,193.72,4.0,PayPal,Africa,4.0
2510.0,Home & Kitchen,227.13,4.0,Bank Transfer,,3.0
2511.0,Beauty,265.29,,PayPal,,5.0
2512.0,Sports,569.75,3.0,Crypto,Europe,2.0
,,,6.0,Bank Transfer,Europe,3.0
2514.0,Electronics,211.13,13.0,Credit Card,Europe,4.0
2515.0,Beauty,76.88,7.0,Bank Transfer,Asia,4.0
2516.0,Clothing,179.72,4.0,PayPal,,4.0
2517.0,,984.54,1.0,Bank Transfer,Asia,4.0
2518.0,Clothing,473.86,6.0,Credit Card,North America,5.0
2519.0,,868.67,5.0,Credit Card,Europe,5.0
2520.0,Beauty,850.26,13.0,Bank Transfer,Asia,2.0
2521.0,Clothing,516.4,19.0,Crypto,,4.0
2522.0,Home & Kitchen,709.62,4.0,Credit Card,North America,5.0
2523.0,Beauty,200.82,6.0,Crypto,,3.0
2524.0,Sports,691.51,13.0,,Africa,5.0
2525.0,Clothing,279.66,5.0,Bank Transfer,Africa,5.0
2526.0,Home & Kitchen,833.74,13.0,Credit Card,Europe,
2527.0,Clothing,92.89,10.0,Crypto,Asia,
2528.0,Home & Kitchen,775.41,3.0,Crypto,Europe,3.0
2529.0,Home & Kitchen,108.94,13.0,Bank Transfer,Australia,4.0
2530.0,Sports,882.38,,Crypto,,1.0
2531.0,Beauty,311.16,4.0,Crypto,North America,2.0
2532.0,Home & Kitchen,657.85,10.0,Bank Transfer,Africa,3.0
2533.0,Beauty,492.63,3.0,Credit Card,Asia,2.0
2534.0,Sports,372.64,17.0,Bank Transfer,Asia,4.0
2535.0,Beauty,648.99,9.0,Credit Card,Africa,5.0
2536.0,,948.05,1.0,Credit Card,North America,5.0
2537.0,Home & Kitchen,50.86,18.0,Credit Card,Europe,3.0
2538.0,,919.66,9.0,,Europe,4.0
2539.0,Clothing,612.99,9.0,Credit Card,Asia,1.0
2540.0,Sports,809.24,2.0,,Africa,
,Home & Kitchen,390.04,,Bank Transfer,Australia,5.0
2542.0,Sports,477.12,16.0,Bank Transfer,North America,4.0
,Clothing,870.16,3.0,PayPal,Europe,4.0
2544.0,Electronics,420.7,16.0,,,3.0
2545.0,Home & Kitchen,539.31,13.0,PayPal,,1.0
2546.0,Home & Kitchen,,3.0,Bank Transfer,North America,3.0
2547.0,Sports,,,Bank Transfer,Africa,2.0
2548.0,,645.27,18.0,Crypto,Africa,4.0
2549.0,Beauty,719.81,,PayPal,Africa,1.0
2550.0,Clothing,586.77,6.0,Bank Transfer,Asia,3.0
2551.0,Electronics,151.88,18.0,Credit Card,Africa,5.0
,Electronics,,6.0,Credit Card,,2.0
2553.0,Sports,361.54,6.0,Bank Transfer,Europe,3.0
2554.0,Sports,500.7,13.0,Credit Card,Europe,5.0
2555.0,Beauty,871.63,14.0,Crypto,Europe,1.0
2556.0,Electronics,778.1,7.0,Bank Transfer,Europe,1.0
2557.0,Electronics,93.15,13.0,PayPal,Europe,2.0
2558.0,,891.41,,Bank Transfer,Africa,5.0
2559.0,Clothing,477.05,12.0,Crypto,Australia,4.0
2560.0,Clothing,746.42,1.0,PayPal,Africa,1.0
2561.0,Sports,,3.0,,Australia,4.0
2562.0,Beauty,674.01,18.0,Credit Card,Africa,4.0
2563.0,Home & Kitchen,243.96,8.0,Credit Card,Europe,3.0
2564.0,,444.0,2.0,,North America,
2565.0,Clothing,26.69,4.0,Crypto,,
2566.0,Clothing,160.09,18.0,Crypto,North America,4.0
2567.0,,101.16,13.0,Bank Transfer,Europe,3.0
2568.0,Home & Kitchen,,15.0,,Australia,5.0
2569.0,Electronics,109.02,,PayPal,North America,5.0
2570.0,Home & Kitchen,694.99,10.0,Crypto,Africa,5.0
2571.0,Home & Kitchen,38.75,,Crypto,Europe,5.0
2572.0,Home & Kitchen,621.56,12.0,Credit Card,Africa,4.0
2573.0,Sports,149.3,5.0,Crypto,Africa,5.0
2574.0,Clothing,945.71,12.0,Credit Card,Europe,4.0
,,933.76,1.0,,Australia,1.0
2576.0,Home & Kitchen,233.25,2.0,,Asia,1.0
2577.0,Electronics,618.28,16.0,Bank Transfer,Asia,5.0
2578.0,Home & Kitchen,37.73,2.0,Crypto,Europe,5.0
2579.0,Clothing,932.47,16.0,Credit Card,Asia,5.0
2580.0,Electronics,527.76,16.0,Bank Transfer,North America,1.0
2581.0,Beauty,52.79,6.0,Credit Card,Australia,3.0
2582.0,Clothing,349.07,13.0,,Africa,1.0
2583.0,Electronics,86.08,12.0,Bank Transfer,Africa,5.0
2584.0,Home & Kitchen,399.01,10.0,Bank Transfer,Europe,3.0
2585.0,Home & Kitchen,673.23,5.0,Bank Transfer,Africa,3.0
2586.0,Clothing,475.19,8.0,Crypto,North America,2.0
2587.0,Clothing,389.88,6.0,Bank Transfer,North America,4.0
2588.0,Home & Kitchen,127.97,5.0,Crypto,Europe,5.0
2589.0,Electronics,252.49,6.0,PayPal,Africa,4.0
2590.0,,,17.0,PayPal,Asia,2.0
2591.0,Sports,809.42,,Credit Card,,4.0
,Clothing,143.89,17.0,Credit Card,Australia,5.0
2593.0,Home & Kitchen,,,Crypto,Europe,2.0
2594.0,Electronics,349.31,17.0,Credit Card,Australia,4.0
2595.0,,233.72,17.0,PayPal,Asia,1.0
,Electronics,643.07,13.0,Crypto,Asia,3.0
2597.0,Clothing,462.43,7.0,,Asia,
2598.0,Home & Kitchen,406.14,6.0,Bank Transfer,Australia,1.0
2599.0,,596.92,14.0,Crypto,Europe,5.0
2600.0,Home & Kitchen,496.35,16.0,Credit Card,North America,3.0
2601.0,Electronics,310.45,3.0,,North America,2.0
2602.0,,563.47,9.0,Credit Card,Asia,3.0
2603.0,Sports,,15.0,,Europe,2.0
2604.0,,36.43,18.0,Bank Transfer,Europe,2.0
2605.0,,471.21,10.0,PayPal,Africa,
2606.0,Beauty,67.11,10.0,Bank Transfer,Africa,3.0
2607.0,,194.54,3.0,Credit Card,Australia,3.0
2608.0,Electronics,564.9,1.0,Bank Transfer,Africa,1.0
2609.0,Beauty,,3.0,Crypto,Australia,5.0
2610.0,Clothing,883.98,5.0,Crypto,North America,1.0
2611.0,Sports,79.24,7.0,PayPal,Asia,4.0
2612.0,Electronics,424.91,3.0,Credit Card,Europe,2.0
2613.0,Sports,587.18,4.0,Credit Card,North America,4.0
2614.0,Electronics,155.6,17.0,PayPal,North America,
2615.0,Beauty,767.78,3.0,Crypto,Australia,1.0
2616.0,Beauty,746.79,4.0,Bank Transfer,Asia,2.0
2617.0,Home & Kitchen,904.31,,PayPal,Australia,5.0
2618.0,Electronics,18.4,14.0,Bank Transfer,North America,4.0
2619.0,Clothing,224.52,5.0,Bank Transfer,Europe,5.0
,Beauty,828.91,2.0,,Africa,2.0
2621.0,,673.87,15.0,Crypto,Australia,2.0
2622.0,Beauty,895.45,11.0,Bank Transfer,,1.0
2623.0,Sports,66.61,10.0,Crypto,Africa,3.0
2624.0,Beauty,600.99,1.0,Credit Card,Africa,1.0
2625.0,Electronics,,19.0,PayPal,North America,5.0
2626.0,Home & Kitchen,,,PayPal,Asia,1.0
2627.0,,518.39,14.0,Credit Card,North America,2.0
2628.0,,613.43,1.0,Credit Card,Europe,4.0
2629.0,,199.38,9.0,Bank Transfer,Africa,3.0
,Beauty,280.6,17.0,Credit Card,Europe,2.0
2631.0,,643.94,,,Australia,4.0
2632.0,Home & Kitchen,473.62,13.0,,Africa,5.0
2633.0,Home & Kitchen,,13.0,,Asia,5.0
,Home & Kitchen,348.96,6.0,Crypto,North America,5.0
2635.0,Beauty,273.99,7.0,Crypto,Australia,1.0
2636.0,Electronics,985.02,,Credit Card,Europe,5.0
2637.0,Beauty,912.02,8.0,Credit Card,Australia,5.0
2638.0,,38.7,6.0,Crypto,Asia,1.0
2639.0,Sports,773.02,3.0,Credit Card,North America,4.0
,Sports,119.23,18.0,Bank Transfer,Australia,2.0
2641.0,Electronics,37.21,18.0,Credit Card,Europe,
2642.0,Beauty,280.96,6.0,,Australia,5.0
2643.0,Clothing,276.65,11.0,Bank Transfer,North America,5.0
2644.0,Beauty,821.13,3.0,Credit Card,Australia,5.0
2645.0,Clothing,,16.0,Crypto,Europe,1.0
2646.0,Beauty,981.79,5.0,Bank Transfer,,1.0
2647.0,Home & Kitchen,714.4,2.0,Credit Card,Asia,
2648.0,Home & Kitchen,,15.0,PayPal,Asia,3.0
2649.0,Sports,701.94,16.0,Crypto,Africa,2.0
2650.0,Sports,,,,Australia,
2651.0,Electronics,713.04,16.0,Bank Transfer,Europe,
2652.0,Clothing,764.06,4.0,PayPal,Australia,5.0
2653.0,,938.98,16.0,Credit Card,North America,5.0
2654.0,Beauty,122.51,17.0,Crypto,Africa,5.0
2655.0,Electronics,707.74,2.0,Bank Transfer,Europe,5.0
2656.0,Beauty,852.3,,,Australia,
2657.0,Home & Kitchen,954.83,4.0,,Europe,4.0
2658.0,,218.86,7.0,Bank Transfer,North America,1.0
,Home & Kitchen,508.89,18.0,Bank Transfer,Africa,4.0
2660.0,Home & Kitchen,,6.0,Bank Transfer,Europe,5.0
2661.0,Beauty,254.99,,Bank Transfer,North America,4.0
2662.0,Electronics,604.47,7.0,PayPal,Asia,5.0
2663.0,Home & Kitchen,265.0,2.0,PayPal,Europe,4.0
2664.0,Sports,340.12,19.0,PayPal,Africa,3.0
,,447.1,9.0,,Europe,4.0
2666.0,Sports,533.9,4.0,PayPal,,
2667.0,Beauty,454.87,14.0,Crypto,North America,1.0
2668.0,Home & Kitchen,,5.0,Bank Transfer,Australia,4.0
2669.0,Electronics,305.6,7.0,Crypto,Australia,4.0
2670.0,Home & Kitchen,167.38,8.0,,Europe,2.0
,Home & Kitchen,56.88,15.0,PayPal,Africa,4.0
2672.0,,204.02,19.0,Bank Transfer,Africa,1.0
,Home & Kitchen,586.12,11.0,PayPal,North America,3.0
2674.0,Home & Kitchen,788.25,4.0,PayPal,Europe,1.0
2675.0,Clothing,177.56,18.0,,Europe,2.0
2676.0,Clothing,117.47,14.0,Bank Transfer,Australia,4.0
,Electronics,751.8,6.0,Bank Transfer,North America,3.0
2678.0,Electronics,312.11,16.0,PayPal,Asia,1.0
2679.0,Home & Kitchen,951.98,,Crypto,Africa,3.0
2680.0,Sports,717.17,1.0,Crypto,,5.0
2681.0,Electronics,,8.0,Bank Transfer,Europe,
2682.0,Home & Kitchen,296.65,1.0,Credit Card,North America,5.0
2683.0,Sports,528.46,1.0,PayPal,Asia,3.0
2684.0,Clothing,88.35,19.0,PayPal,Africa,4.0
2685.0,,126.5,10.0,Credit Card,North America,4.0
2686.0,Home & Kitchen,184.1,18.0,Bank Transfer,Asia,4.0
2687.0,Clothing,776.98,12.0,Crypto,,5.0
2688.0,,518.72,17.0,Bank Transfer,Australia,4.0
2689.0,,20.46,1.0,,Africa,2.0
2690.0,Home & Kitchen,676.78,8.0,,,
2691.0,Sports,429.45,10.0,Bank Transfer,Asia,1.0
2692.0,Beauty,515.74,10.0,PayPal,Australia,3.0
2693.0,Beauty,221.98,,,,5.0
2694.0,Beauty,556.26,9.0,PayPal,Europe,1.0
2695.0,Electronics,979.36,2.0,Crypto,North America,5.0
2696.0,Home & Kitchen,82.71,3.0,PayPal,Asia,3.0
2697.0,Beauty,291.08,2.0,Crypto,Africa,4.0
2698.0,Clothing,250.57,6.0,PayPal,Africa,3.0
2699.0,Sports,256.06,12.0,Bank Transfer,North America,2.0
2700.0,Home & Kitchen,384.92,19.0,Credit Card,,4.0
2701.0,Clothing,819.93,15.0,Crypto,Asia,4.0
2702.0,Electronics,913.73,19.0,Bank Transfer,Europe,4.0
2703.0,Beauty,210.19,12.0,Crypto,,3.0
,Clothing,547.52,18.0,Crypto,Europe,2.0
2705.0,Home & Kitchen,640.53,16.0,Bank Transfer,North America,
2706.0,Clothing,526.61,2.0,PayPal,Australia,3.0
2707.0,Electronics,439.74,11.0,Crypto,Asia,1.0
2708.0,Sports,200.06,12.0,Credit Card,North America,1.0
,Beauty,493.34,5.0,Credit Card,Africa,3.0
,Home & Kitchen,407.2,6.0,Bank Transfer,Africa,
,Beauty,797.61,11.0,Credit Card,Europe,1.0
2712.0,Beauty,765.97,,Bank Transfer,Africa,5.0
2713.0,Beauty,142.66,4.0,Bank Transfer,Australia,
2714.0,Clothing,97.63,,Crypto,Asia,3.0
2715.0,Clothing,909.07,12.0,Bank Transfer,Europe,4.0
2716.0,Sports,540.15,10.0,Bank Transfer,Asia,1.0
2717.0,Electronics,859.22,14.0,PayPal,Asia,5.0
2718.0,Home & Kitchen,67.57,5.0,Crypto,North America,4.0
2719.0,Clothing,531.25,1.0,Credit Card,Africa,1.0
2720.0,Beauty,544.03,5.0,PayPal,Asia,2.0
2721.0,Electronics,862.1,16.0,PayPal,Australia,4.0
2722.0,Home & Kitchen,,5.0,Crypto,Australia,2.0
2723.0,Home & Kitchen,248.04,5.0,Crypto,Africa,2.0
2724.0,Home & Kitchen,412.47,18.0,,Africa,1.0
2725.0,Home & Kitchen,,6.0,Crypto,Europe,3.0
2726.0,Sports,939.49,18.0,Crypto,Europe,5.0
2727.0,Home & Kitchen,992.8,10.0,Bank Transfer,Europe,1.0
2728.0,,959.6,,Crypto,Africa,4.0
2729.0,,15.88,11.0,Bank Transfer,,5.0
2730.0,Electronics,57.23,19.0,PayPal,North America,3.0
2731.0,Beauty,156.13,13.0,PayPal,Europe,1.0
2732.0,Sports,355.37,3.0,Credit Card,North America,3.0
2733.0,Sports,831.62,16.0,Crypto,Australia,4.0
2734.0,Beauty,,,,Africa,1.0
2735.0,Electronics,194.97,12.0,Bank Transfer,Australia,4.0
2736.0,Electronics,623.47,15.0,PayPal,Europe,
2737.0,Beauty,918.19,8.0,Crypto,Asia,5.0
2738.0,Home & Kitchen,469.09,17.0,,Europe,3.0
2739.0,,,1.0,Credit Card,North America,
2740.0,Clothing,463.24,8.0,PayPal,Europe,5.0
2741.0,Electronics,382.04,14.0,Credit Card,Asia,2.0
2742.0,Electronics,581.88,10.0,Crypto,Asia,5.0
2743.0,Beauty,444.27,19.0,Crypto,Africa,1.0
2744.0,Beauty,27.17,8.0,Credit Card,Africa,4.0
2745.0,Home & Kitchen,994.06,19.0,Bank Transfer,Asia,5.0
2746.0,Electronics,548.1,4.0,Credit Card,Asia,5.0
2747.0,Electronics,478.89,10.0,Credit Card,North America,
2748.0,Sports,955.07,3.0,PayPal,Europe,4.0
2749.0,Clothing,164.3,4.0,,Africa,1.0
,,197.35,16.0,Credit Card,North America,4.0
2751.0,Home & Kitchen,809.93,4.0,PayPal,Europe,3.0
2752.0,Electronics,268.22,13.0,PayPal,Africa,5.0
2753.0,Sports,801.23,17.0,PayPal,North America,4.0
2754.0,Electronics,,16.0,Crypto,Australia,1.0
,Beauty,42.86,,PayPal,Australia,4.0
2756.0,Home & Kitchen,521.84,6.0,PayPal,Africa,5.0
2757.0,Clothing,204.72,3.0,Crypto,North America,2.0
2758.0,Electronics,760.27,4.0,Crypto,Europe,4.0
2759.0,Home & Kitchen,,8.0,PayPal,Europe,3.0
2760.0,Clothing,924.37,9.0,Credit Card,North America,5.0
2761.0,Electronics,785.16,1.0,Bank Transfer,Australia,1.0
2762.0,Sports,,13.0,Crypto,North America,5.0
2763.0,Home & Kitchen,802.16,2.0,,Australia,
2764.0,Electronics,645.32,10.0,Crypto,Australia,1.0
2765.0,Clothing,672.26,,PayPal,,2.0
2766.0,Clothing,833.94,17.0,Crypto,Africa,2.0
2767.0,Sports,578.09,13.0,,Asia,3.0
2768.0,,471.34,14.0,Bank Transfer,North America,4.0
2769.0,Home & Kitchen,,11.0,Credit Card,Australia,3.0
2770.0,Electronics,304.98,10.0,PayPal,North America,3.0
2771.0,Clothing,,7.0,Bank Transfer,Africa,3.0
2772.0,Clothing,,,,Africa,1.0
2773.0,Sports,241.51,1.0,Crypto,Asia,
2774.0,Sports,89.12,14.0,PayPal,Asia,4.0
2775.0,Home & Kitchen,10.55,3.0,Bank Transfer,,1.0
2776.0,Clothing,612.24,,Credit Card,Asia,3.0
2777.0,Electronics,368.53,2.0,Crypto,,
2778.0,Beauty,754.79,17.0,Crypto,Europe,2.0
2779.0,Electronics,381.42,3.0,Bank Transfer,Australia,
2780.0,Sports,491.14,15.0,,Asia,5.0
2781.0,Electronics,413.01,8.0,Crypto,North America,2.0
2782.0,Clothing,654.07,6.0,PayPal,Asia,4.0
2783.0,Home & Kitchen,,9.0,Bank Transfer,Africa,1.0
2784.0,Beauty,964.13,11.0,,Asia,3.0
,Home & Kitchen,936.79,2.0,PayPal,,5.0
2786.0,Beauty,849.55,9.0,Credit Card,Australia,
2787.0,Beauty,921.1,18.0,Crypto,Africa,
2788.0,Clothing,454.65,19.0,Bank Transfer,Australia,1.0
2789.0,Clothing,541.07,18.0,Credit Card,Australia,1.0
2790.0,,744.67,5.0,Credit Card,Asia,5.0
2791.0,Sports,699.18,18.0,,North America,5.0
2792.0,Beauty,,12.0,PayPal,Africa,
2793.0,Sports,719.17,4.0,PayPal,Europe,3.0
2794.0,Clothing,997.91,15.0,Credit Card,Europe,4.0
2795.0,Sports,355.02,11.0,Crypto,North America,2.0
2796.0,Beauty,834.67,19.0,PayPal,North America,2.0
2797.0,Home & Kitchen,700.66,5.0,Crypto,,2.0
2798.0,Electronics,694.47,6.0,,Europe,5.0
2799.0,Sports,332.58,,Credit Card,Africa,5.0
2800.0,,,10.0,Crypto,North America,5.0
2801.0,Home & Kitchen,901.37,14.0,Crypto,North America,3.0
2802.0,Clothing,,,Credit Card,North America,3.0
2803.0,Sports,629.24,12.0,Crypto,Africa,3.0
,Beauty,398.21,,Credit Card,Europe,3.0
2805.0,Electronics,989.65,10.0,Credit Card,Africa,1.0
2806.0,Electronics,484.04,11.0,Bank Transfer,Africa,3.0
2807.0,Home & Kitchen,236.04,9.0,,Asia,3.0
2808.0,Electronics,388.04,11.0,Bank Transfer,North America,3.0
2809.0,Beauty,657.3,,Credit Card,Europe,2.0
2810.0,Clothing,85.33,13.0,Credit Card,Asia,2.0
2811.0,Beauty,607.57,8.0,Crypto,Asia,2.0
2812.0,Home & Kitchen,931.91,8.0,Credit Card,Australia,4.0
2813.0,,851.86,1.0,Credit Card,North America,
2814.0,Electronics,77.0,6.0,Credit Card,Europe,5.0
2815.0,Beauty,993.46,13.0,PayPal,Europe,3.0
2816.0,Clothing,701.74,,Bank Transfer,,2.0
2817.0,Beauty,170.66,6.0,Bank Transfer,North America,1.0
2818.0,Clothing,22.29,15.0,PayPal,Europe,3.0
2819.0,Clothing,179.57,16.0,PayPal,Africa,
2820.0,Beauty,839.79,4.0,PayPal,Africa,5.0
2821.0,Sports,31.42,17.0,Bank Transfer,North America,3.0
2822.0,Beauty,240.82,9.0,,Europe,5.0
2823.0,Clothing,759.73,12.0,Credit Card,Australia,3.0
2824.0,Home & Kitchen,590.25,19.0,Bank Transfer,,4.0
2825.0,Home & Kitchen,784.91,,Crypto,Australia,1.0
2826.0,,,6.0,Bank Transfer,,
2827.0,Home & Kitchen,60.1,12.0,PayPal,,5.0
2828.0,Sports,893.59,9.0,Bank Transfer,Europe,1.0
2829.0,Clothing,234.76,5.0,Credit Card,Europe,
2830.0,Beauty,557.86,3.0,Bank Transfer,Australia,2.0
2831.0,Beauty,647.85,2.0,PayPal,,1.0
,Sports,176.94,8.0,Crypto,Australia,4.0
2833.0,Home & Kitchen,976.47,10.0,PayPal,Asia,3.0
2834.0,Clothing,493.27,15.0,Crypto,North America,3.0
2835.0,Home & Kitchen,67.07,9.0,Credit Card,North America,1.0
2836.0,,,10.0,Credit Card,Europe,2.0
2837.0,,590.41,11.0,Bank Transfer,Africa,4.0
2838.0,Electronics,702.2,9.0,Credit Card,Europe,3.0
2839.0,,529.92,14.0,Credit Card,,3.0
2840.0,Clothing,836.39,,PayPal,Africa,2.0
2841.0,Electronics,42.8,9.0,PayPal,,5.0
2842.0,Home & Kitchen,275.69,4.0,Bank Transfer,Africa,1.0
2843.0,Home & Kitchen,474.95,2.0,Bank Transfer,Europe,2.0
2844.0,Beauty,85.84,19.0,Bank Transfer,North America,2.0
2845.0,Sports,708.85,1.0,Bank Transfer,,
2846.0,Sports,399.73,1.0,PayPal,Europe,2.0
2847.0,Home & Kitchen,279.94,12.0,,Asia,5.0
2848.0,Sports,13.35,11.0,Bank Transfer,Australia,4.0
2849.0,Clothing,722.63,1.0,Credit Card,Europe,2.0
2850.0,Sports,835.47,14.0,Bank Transfer,North America,2.0
2851.0,Clothing,401.09,11.0,Crypto,Africa,1.0
2852.0,Home & Kitchen,568.58,7.0,Credit Card,,3.0
2853.0,Home & Kitchen,235.41,2.0,PayPal,Asia,5.0
2854.0,Home & Kitchen,625.98,15.0,Crypto,Africa,2.0
2855.0,Beauty,22.02,8.0,Bank Transfer,North America,4.0
,,493.76,15.0,Credit Card,North America,4.0
2857.0,Electronics,647.76,8.0,Bank Transfer,North America,4.0
,Electronics,919.01,10.0,Credit Card,Africa,1.0
2859.0,Home & Kitchen,387.52,19.0,Bank Transfer,North America,
2860.0,Sports,,,,North America,1.0
2861.0,,601.71,14.0,PayPal,Asia,
2862.0,Electronics,927.74,9.0,Crypto,North America,4.0
2863.0,Home & Kitchen,404.39,9.0,Crypto,North America,3.0
,Electronics,325.9,6.0,PayPal,Australia,2.0
2865.0,Electronics,888.27,8.0,Credit Card,,5.0
2866.0,Electronics,58.75,11.0,Credit Card,Australia,3.0
2867.0,Home & Kitchen,,8.0,PayPal,,5.0
2868.0,Home & Kitchen,91.58,12.0,,Australia,4.0
2869.0,Beauty,844.68,,Credit Card,Europe,5.0
2870.0,Beauty,20.5,4.0,Crypto,Africa,5.0
2871.0,Beauty,863.04,16.0,PayPal,North America,5.0
2872.0,Electronics,,,Crypto,,
2873.0,Sports,13.99,9.0,Credit Card,Australia,3.0
2874.0,Home & Kitchen,407.63,5.0,,North America,4.0
,Beauty,194.93,6.0,PayPal,North America,2.0
2876.0,,628.16,,Credit Card,Asia,4.0
2877.0,Beauty,682.57,17.0,Credit Card,Australia,
2878.0,Beauty,492.65,13.0,PayPal,Australia,1.0
2879.0,Sports,50.11,17.0,Bank Transfer,Europe,1.0
2880.0,Beauty,659.57,,,Europe,5.0
2881.0,Electronics,843.62,2.0,Bank Transfer,,
2882.0,Electronics,723.12,19.0,Crypto,Europe,3.0
2883.0,Electronics,831.66,3.0,Bank Transfer,Australia,
2884.0,Clothing,208.5,2.0,Bank Transfer,Africa,1.0
2885.0,Beauty,890.0,2.0,Credit Card,Asia,3.0
2886.0,Clothing,328.97,,PayPal,,1.0
2887.0,Home & Kitchen,23.27,4.0,Crypto,Australia,3.0
2888.0,Sports,844.96,17.0,PayPal,Europe,2.0
2889.0,Home & Kitchen,942.4,6.0,Bank Transfer,Asia,3.0
2890.0,Clothing,659.0,7.0,Bank Transfer,Africa,2.0
2891.0,Electronics,239.12,6.0,Bank Transfer,North America,5.0
2892.0,Beauty,259.23,9.0,PayPal,North America,5.0
,Beauty,471.93,4.0,Bank Transfer,Europe,1.0
2894.0,Electronics,898.85,5.0,PayPal,Australia,3.0
2895.0,Beauty,158.1,19.0,Crypto,Asia,1.0
2896.0,,827.71,10.0,,Africa,3.0
2897.0,Sports,298.39,18.0,PayPal,Africa,1.0
2898.0,,810.5,15.0,Crypto,Africa,5.0
2899.0,Home & Kitchen,921.07,1.0,Credit Card,North America,5.0
2900.0,Electronics,433.22,5.0,Bank Transfer,Asia,1.0
2901.0,Sports,371.4,5.0,Bank Transfer,North America,3.0
2902.0,Clothing,804.2,8.0,Bank Transfer,Europe,4.0
2903.0,Sports,534.19,15.0,Credit Card,Africa,
2904.0,Home & Kitchen,687.6,17.0,Bank Transfer,Asia,1.0
2905.0,Clothing,626.6,19.0,PayPal,Africa,3.0
2906.0,Electronics,,13.0,Bank Transfer,North America,2.0
2907.0,Electronics,846.34,10.0,PayPal,North America,3.0
2908.0,Sports,203.82,17.0,Crypto,North America,5.0
2909.0,,932.96,5.0,PayPal,Africa,5.0
2910.0,,258.07,18.0,PayPal,Asia,2.0
2911.0,Sports,736.54,17.0,PayPal,Asia,3.0
2912.0,Sports,291.81,,Bank Transfer,Europe,4.0
2913.0,,324.61,7.0,Credit Card,Africa,3.0
2914.0,Beauty,316.9,5.0,Credit Card,Europe,5.0
2915.0,Sports,750.41,8.0,PayPal,Europe,5.0
2916.0,,561.25,8.0,Bank Transfer,Europe,1.0
2917.0,Beauty,884.12,11.0,Credit Card,Europe,5.0
2918.0,Sports,314.3,9.0,Crypto,North America,1.0
2919.0,,695.07,19.0,Crypto,Europe,5.0
2920.0,Beauty,755.42,19.0,Bank Transfer,Asia,5.0
2921.0,Home & Kitchen,159.97,9.0,Crypto,Europe,4.0
2922.0,Electronics,406.58,17.0,Crypto,North America,1.0
2923.0,Clothing,487.99,16.0,Crypto,Australia,1.0
2924.0,Home & Kitchen,362.13,7.0,Credit Card,Australia,5.0
,Home & Kitchen,328.89,3.0,Crypto,Australia,1.0
,Home & Kitchen,689.56,19.0,PayPal,Africa,5.0
2927.0,Clothing,223.71,8.0,PayPal,Asia,5.0
2928.0,Home & Kitchen,712.3,5.0,Crypto,,3.0
2929.0,,935.69,6.0,,Australia,1.0
2930.0,Beauty,569.55,2.0,Credit Card,North America,2.0
2931.0,Clothing,615.32,19.0,Bank Transfer,North America,1.0
2932.0,Home & Kitchen,78.24,13.0,PayPal,Africa,1.0
2933.0,Sports,865.83,6.0,Crypto,Australia,4.0
2934.0,,292.59,6.0,Bank Transfer,Europe,2.0
2935.0,Clothing,618.9,2.0,,North America,2.0
2936.0,Sports,979.32,5.0,Crypto,Australia,4.0
,Sports,599.55,,PayPal,North America,4.0
2938.0,Home & Kitchen,727.46,11.0,Credit Card,Africa,1.0
2939.0,Clothing,,14.0,PayPal,,3.0
2940.0,Home & Kitchen,69.76,13.0,PayPal,Europe,4.0
2941.0,Electronics,799.62,8.0,Credit Card,Africa,2.0
2942.0,Sports,44.65,15.0,Bank Transfer,Australia,2.0
2943.0,Electronics,703.65,12.0,Credit Card,Africa,1.0
2944.0,Home & Kitchen,,,Credit Card,,3.0
2945.0,Beauty,863.68,5.0,Crypto,Asia,5.0
2946.0,Sports,166.06,6.0,Crypto,North America,4.0
2947.0,Beauty,519.13,2.0,PayPal,North America,4.0
2948.0,Clothing,601.18,8.0,Crypto,Australia,1.0
2949.0,Sports,462.97,5.0,Credit Card,Europe,3.0
,Electronics,,17.0,Credit Card,Europe,2.0
2951.0,Beauty,473.14,2.0,Crypto,Europe,2.0
2952.0,Clothing,,11.0,Crypto,North America,5.0
2953.0,Sports,443.74,4.0,Crypto,Africa,
2954.0,Clothing,365.32,11.0,Credit Card,North America,4.0
2955.0,Electronics,570.54,9.0,Bank Transfer,North America,5.0
2956.0,Sports,245.54,6.0,Bank Transfer,North America,3.0
2957.0,Clothing,988.77,2.0,Crypto,Africa,5.0
,Home & Kitchen,505.86,15.0,PayPal,,3.0
2959.0,Sports,202.22,,,Australia,2.0
2960.0,Sports,482.3,12.0,Bank Transfer,Asia,1.0
2961.0,Sports,867.75,13.0,Crypto,Asia,5.0
2962.0,Sports,31.59,17.0,Credit Card,North America,
2963.0,Home & Kitchen,682.76,4.0,PayPal,Asia,
2964.0,Electronics,,10.0,PayPal,,4.0
2965.0,Home & Kitchen,177.86,1.0,Credit Card,North America,3.0
2966.0,Home & Kitchen,819.3,11.0,Credit Card,Australia,1.0
2967.0,,375.2,16.0,,Europe,4.0
2968.0,Beauty,,11.0,Credit Card,North America,4.0
2969.0,,829.84,9.0,Credit Card,Asia,2.0
2970.0,Clothing,642.14,2.0,Credit Card,Australia,2.0
2971.0,,899.28,7.0,Bank Transfer,Asia,4.0
2972.0,Clothing,633.58,19.0,Credit Card,Europe,3.0
2973.0,Sports,743.41,18.0,PayPal,Africa,1.0
2974.0,Clothing,838.08,7.0,Crypto,Europe,
2975.0,Clothing,64.19,9.0,Crypto,Australia,3.0
,Sports,778.29,12.0,Crypto,Europe,3.0
2977.0,Beauty,617.57,3.0,Bank Transfer,,4.0
2978.0,Sports,78.81,16.0,PayPal,Australia,3.0
2979.0,Electronics,,7.0,Credit Card,Australia,5.0
,Clothing,91.63,5.0,PayPal,,3.0
2981.0,Clothing,738.59,7.0,Crypto,North America,4.0
2982.0,Beauty,551.04,,Credit Card,Africa,3.0
2983.0,Home & Kitchen,954.04,17.0,Crypto,Africa,4.0
2984.0,Sports,191.3,16.0,Crypto,Africa,2.0
2985.0,Home & Kitchen,609.97,19.0,Crypto,Europe,4.0
2986.0,Electronics,219.47,,PayPal,Australia,3.0
2987.0,,617.92,19.0,PayPal,Australia,4.0
2988.0,Electronics,725.42,4.0,Crypto,Australia,1.0
2989.0,Electronics,725.08,1.0,Crypto,North America,4.0
2990.0,Electronics,816.92,,Credit Card,,4.0
2991.0,Sports,855.01,4.0,Crypto,Australia,1.0
2992.0,,86.5,9.0,Crypto,Europe,1.0
2993.0,Beauty,349.83,8.0,Crypto,Asia,1.0
,Clothing,690.25,2.0,,Africa,5.0
2995.0,Home & Kitchen,,,PayPal,Europe,4.0
2996.0,Home & Kitchen,198.77,11.0,Crypto,Europe,1.0
2997.0,Electronics,557.18,4.0,Bank Transfer,Europe,1.0
2998.0,,413.36,14.0,Crypto,Africa,2.0
2999.0,Sports,396.14,9.0,PayPal,Europe,5.0
3000.0,Electronics,811.66,2.0,Bank Transfer,Asia,4.0
