Accident_ID,Severity,Weather_Condition,Time_of_Day,Vehicle_Type,Location
3001.0,,Clear,Night,Bicycle,Urban
3002.0,Medium,Stormy,Morning,,Urban
,High,Foggy,Evening,Bicycle,Urban
3004.0,High,Clear,Evening,Bicycle,Highway
,High,Snowy,Morning,Bus,Highway
3006.0,Medium,Rainy,Night,Car,Rural
3007.0,Medium,Snowy,Morning,Bicycle,Highway
3008.0,Medium,,Night,Truck,
3009.0,Medium,Clear,Night,Car,Urban
3010.0,Medium,Foggy,Evening,Car,Rural
3011.0,High,Stormy,Morning,Car,
3012.0,Medium,Rainy,Morning,Bus,
,,Stormy,Evening,,Highway
3014.0,High,Clear,,Bus,Urban
3015.0,,Clear,Afternoon,,Highway
3016.0,Low,Clear,Morning,Motorcycle,Highway
3017.0,Medium,Foggy,Evening,Bus,Rural
3018.0,Medium,,Night,Bicycle,Highway
3019.0,,Stormy,Night,Car,Urban
3020.0,,Snowy,Morning,Motorcycle,Rural
3021.0,Medium,Clear,Evening,Bus,Rural
3022.0,High,Stormy,Morning,Bicycle,Highway
3023.0,Low,,Morning,Motorcycle,Urban
3024.0,High,Foggy,Evening,Truck,Rural
3025.0,Low,Rainy,Morning,Bus,Urban
,High,Foggy,Night,Bus,Urban
3027.0,Medium,Foggy,Afternoon,Truck,Highway
3028.0,High,Stormy,Night,,Urban
,High,Rainy,Afternoon,Car,Rural
,Low,Rainy,Evening,Bus,Highway
3031.0,Low,,Morning,Car,
3032.0,Medium,,Afternoon,Bus,Urban
3033.0,High,,Evening,Bicycle,Urban
3034.0,,Stormy,Evening,Bicycle,Highway
3035.0,Medium,Clear,,Motorcycle,Highway
3036.0,Medium,Snowy,Night,Bicycle,Rural
,Low,Foggy,Night,Truck,Rural
3038.0,Low,Rainy,Afternoon,Motorcycle,Urban
3039.0,High,Snowy,Afternoon,Bicycle,Highway
3040.0,Medium,Rainy,Night,Car,Urban
3041.0,Low,Foggy,Afternoon,Bus,Urban
3042.0,Medium,Stormy,,Bicycle,Rural
3043.0,High,Stormy,Morning,Car,Rural
3044.0,Low,Foggy,Afternoon,Motorcycle,Rural
3045.0,,Snowy,,Bus,Highway
3046.0,Low,,Morning,Bicycle,Rural
3047.0,High,Clear,,Motorcycle,Highway
3048.0,,Rainy,Morning,Bicycle,Urban
,High,Foggy,Evening,Motorcycle,
,High,Foggy,Afternoon,,Rural
3051.0,,Clear,Morning,Car,Highway
3052.0,Low,Snowy,Afternoon,Truck,Highway
3053.0,Medium,Foggy,Morning,Car,Rural
3054.0,Medium,Stormy,Morning,Bus,Rural
3055.0,Low,Stormy,Evening,Bicycle,Urban
3056.0,Low,Foggy,Evening,Truck,Highway
3057.0,Medium,Snowy,Afternoon,Truck,Urban
3058.0,Low,Stormy,Night,,Urban
,High,Snowy,,Bus,Highway
,,Clear,Morning,,Urban
3061.0,High,Rainy,Evening,Bus,
3062.0,Medium,Clear,,Bus,Urban
3063.0,,Rainy,Morning,Bicycle,Urban
3064.0,Medium,Stormy,Night,Car,Highway
3065.0,Medium,Rainy,Evening,Motorcycle,Rural
3066.0,Low,Rainy,Night,Truck,Highway
3067.0,Medium,,,Motorcycle,Rural
3068.0,High,Rainy,Morning,Truck,Highway
,Low,Foggy,Afternoon,Truck,
3070.0,High,Rainy,Afternoon,Car,Rural
3071.0,High,Foggy,Night,Truck,Rural
3072.0,Low,Stormy,,Truck,Highway
3073.0,High,Stormy,Morning,Car,Highway
3074.0,High,Rainy,,Bus,Highway
3075.0,High,Snowy,Night,Motorcycle,Rural
3076.0,Low,Stormy,Morning,Truck,
3077.0,Low,Clear,Morning,Car,Rural
3078.0,Low,Clear,Evening,Truck,Urban
,Medium,Foggy,Evening,Car,Rural
3080.0,High,Snowy,Afternoon,Motorcycle,Urban
3081.0,Medium,Foggy,Night,Bicycle,Highway
3082.0,Medium,Rainy,Morning,Bus,Highway
3083.0,High,Stormy,Afternoon,,Rural
3084.0,,,Afternoon,Car,Urban
3085.0,Medium,Foggy,Evening,Truck,Highway
3086.0,Low,Foggy,Afternoon,Bus,Highway
3087.0,Low,,Afternoon,Motorcycle,Urban
3088.0,High,Rainy,Evening,Bus,Highway
3089.0,Medium,Foggy,Afternoon,Truck,Highway
3090.0,Medium,Clear,Afternoon,Bicycle,Rural
3091.0,Low,,Morning,Car,Highway
3092.0,High,,Afternoon,Bicycle,Urban
3093.0,Medium,Clear,Evening,Bus,Highway
3094.0,Low,Rainy,Evening,Truck,Rural
3095.0,Low,Stormy,Morning,Car,Highway
3096.0,Low,Snowy,Evening,Truck,
3097.0,High,Foggy,Evening,Truck,Highway
3098.0,High,Clear,Evening,Bus,Urban
3099.0,Low,Foggy,Afternoon,Bicycle,Rural
3100.0,,Stormy,Morning,Truck,Highway
3101.0,High,,Night,Truck,
3102.0,Low,Foggy,Morning,Truck,Rural
3103.0,Low,Clear,Morning,,Urban
3104.0,High,Stormy,,Truck,Urban
3105.0,,Snowy,Night,Truck,Highway
3106.0,Low,Clear,Night,Bus,Urban
3107.0,,Stormy,,Truck,Urban
3108.0,High,Stormy,Afternoon,Truck,Highway
3109.0,High,,Evening,Bus,Urban
3110.0,High,Rainy,Evening,Car,Urban
3111.0,Medium,,Night,Bicycle,Highway
3112.0,Medium,Snowy,Evening,Bus,Highway
3113.0,,Foggy,Evening,Car,Urban
,Medium,,Night,,Highway
3115.0,High,,Morning,Truck,Urban
3116.0,,,Morning,,Urban
3117.0,,Foggy,Night,Truck,Urban
3118.0,Medium,Clear,Afternoon,Bus,Urban
3119.0,High,Rainy,Evening,Bicycle,Highway
,,Rainy,Morning,Car,Highway
3121.0,Medium,Rainy,Night,Bus,Rural
3122.0,Low,Rainy,Afternoon,Car,Highway
3123.0,Low,,Evening,Truck,Rural
3124.0,,Snowy,Night,Truck,Urban
,Medium,Snowy,Night,,Highway
3126.0,High,Rainy,Night,Bicycle,Urban
,,Snowy,Evening,Motorcycle,
3128.0,,Clear,,,Highway
3129.0,High,Clear,Evening,Bicycle,
,High,Snowy,Evening,Truck,
3131.0,High,Rainy,Morning,Car,
3132.0,High,Foggy,Night,Bicycle,Urban
3133.0,Low,Rainy,Afternoon,,Highway
,Medium,Stormy,Afternoon,Motorcycle,Rural
3135.0,Medium,Foggy,Morning,Car,Highway
3136.0,Medium,Stormy,Morning,Bicycle,Rural
3137.0,,Snowy,Night,Truck,Rural
3138.0,Medium,Stormy,Afternoon,,Urban
,Low,Snowy,Afternoon,Bus,Highway
,Medium,Stormy,Night,,Rural
3141.0,Medium,Foggy,,Bus,Highway
3142.0,Low,Stormy,Morning,Truck,Urban
3143.0,Low,Rainy,Night,Bicycle,Urban
3144.0,,Snowy,Morning,Bus,Highway
3145.0,High,Clear,Evening,Bicycle,Rural
3146.0,High,Stormy,Morning,Motorcycle,Urban
3147.0,Medium,,Evening,Bus,Rural
3148.0,Medium,,Afternoon,Bus,Rural
3149.0,,Snowy,Afternoon,,Highway
3150.0,Medium,Snowy,Morning,Bicycle,Urban
3151.0,High,Clear,,,Highway
,Medium,Clear,Morning,Truck,Highway
3153.0,Low,Foggy,Night,Bicycle,
3154.0,High,Stormy,,Motorcycle,Rural
3155.0,High,Stormy,Afternoon,,
3156.0,Low,Snowy,Afternoon,Motorcycle,Urban
3157.0,Medium,Rainy,Night,Truck,Rural
3158.0,Medium,,Night,Motorcycle,Highway
,Medium,Snowy,Afternoon,Motorcycle,Urban
3160.0,Medium,Foggy,Morning,Motorcycle,Highway
3161.0,Medium,Clear,Night,Bus,Highway
3162.0,Low,Snowy,Evening,Bus,Highway
,Medium,Stormy,Afternoon,Truck,
3164.0,Low,Rainy,Night,Bicycle,Highway
3165.0,Low,Rainy,Afternoon,Motorcycle,Urban
3166.0,Low,Rainy,Evening,Bus,Highway
3167.0,Medium,Foggy,Morning,Bicycle,Highway
3168.0,Medium,Stormy,Evening,Motorcycle,
3169.0,High,Foggy,Morning,Bicycle,
3170.0,High,,Morning,,Urban
3171.0,Low,Snowy,Night,Motorcycle,Urban
3172.0,High,Snowy,Morning,,Highway
3173.0,Low,Rainy,Morning,Motorcycle,Urban
3174.0,High,Rainy,Morning,Motorcycle,
,Medium,Clear,Afternoon,Car,Highway
3176.0,Medium,,Night,Bicycle,Urban
,Low,Stormy,Night,Truck,Urban
3178.0,Low,,Morning,Bus,Highway
3179.0,Medium,Snowy,Afternoon,Motorcycle,Rural
3180.0,Medium,Snowy,Morning,Motorcycle,Rural
3181.0,Medium,Foggy,,Motorcycle,Highway
,High,Clear,Night,,Rural
3183.0,High,Stormy,Night,,Rural
3184.0,,Clear,Night,Truck,Rural
3185.0,High,,Afternoon,Car,Rural
3186.0,Low,Foggy,Evening,Truck,Highway
3187.0,Low,Stormy,Evening,Bus,Rural
3188.0,High,Snowy,Afternoon,Bicycle,Rural
3189.0,Low,Rainy,Morning,Car,Highway
3190.0,High,Stormy,Night,Car,
3191.0,High,,Night,Bicycle,Rural
3192.0,,,Night,Motorcycle,Urban
3193.0,High,Stormy,Afternoon,Bus,
,Low,Stormy,Afternoon,Bicycle,Highway
3195.0,,Snowy,Night,,Rural
3196.0,Medium,Snowy,Night,Truck,Urban
3197.0,Low,,,Bicycle,Highway
3198.0,Medium,Clear,Evening,,Highway
3199.0,High,Stormy,Afternoon,Car,Highway
3200.0,High,Rainy,,Car,Urban
3201.0,High,Foggy,Night,Motorcycle,Highway
3202.0,High,Snowy,Evening,,Highway
3203.0,Low,Clear,Evening,Truck,Urban
,,,Afternoon,Truck,Highway
3205.0,Medium,Stormy,Afternoon,Motorcycle,Urban
,Low,Snowy,Morning,Truck,Urban
,Low,Snowy,Night,Motorcycle,Urban
3208.0,Low,Clear,Morning,Motorcycle,Rural
3209.0,Medium,Rainy,Afternoon,Bicycle,Highway
3210.0,Medium,Snowy,Morning,Car,Highway
3211.0,Medium,Rainy,Evening,Bus,Highway
3212.0,Medium,Foggy,Evening,Bus,Urban
3213.0,High,Snowy,,Car,Rural
3214.0,High,Snowy,Evening,Bus,Urban
3215.0,,Rainy,Night,Truck,Highway
3216.0,Medium,Clear,Afternoon,,Urban
3217.0,High,Stormy,,Bus,
3218.0,,Foggy,Afternoon,Bicycle,Highway
3219.0,Medium,,Afternoon,Bus,Urban
3220.0,Low,Clear,Evening,Motorcycle,Rural
3221.0,Low,Snowy,Afternoon,Motorcycle,Urban
3222.0,,Foggy,Afternoon,Car,Urban
3223.0,Low,,Morning,Truck,Highway
3224.0,High,Snowy,Evening,Bicycle,Rural
3225.0,Low,Rainy,Night,Bus,Urban
3226.0,Medium,Clear,Afternoon,Motorcycle,Rural
3227.0,Low,Stormy,Night,Truck,Highway
,Low,Snowy,Morning,Truck,Highway
3229.0,Low,,Afternoon,Bicycle,Highway
3230.0,High,Rainy,Night,Bicycle,Rural
3231.0,High,Snowy,Evening,Bicycle,Rural
,High,Stormy,Morning,Bicycle,Urban
3233.0,,Snowy,,Motorcycle,Rural
3234.0,Low,Snowy,Night,Bicycle,
3235.0,,Stormy,Afternoon,Truck,Urban
3236.0,,Snowy,Afternoon,Truck,Rural
3237.0,Low,Rainy,Evening,Bus,
,Medium,Stormy,,Truck,Highway
3239.0,Low,Stormy,Afternoon,Truck,Urban
3240.0,Medium,Rainy,Morning,Motorcycle,Highway
3241.0,Low,,Evening,Truck,Rural
3242.0,High,Rainy,Evening,Car,Highway
3243.0,High,Snowy,Morning,Truck,Urban
3244.0,High,Snowy,Afternoon,Bus,
3245.0,Medium,Foggy,Night,Bus,Highway
3246.0,Low,Snowy,,Bicycle,Rural
3247.0,Medium,Rainy,,Motorcycle,
3248.0,High,Foggy,Evening,Bus,Rural
3249.0,Medium,Rainy,Morning,Car,Rural
3250.0,Medium,Clear,Evening,,Highway
,Medium,,Afternoon,Bicycle,Rural
3252.0,Low,Clear,Morning,Motorcycle,Highway
,Medium,Rainy,,Motorcycle,Rural
3254.0,Medium,Snowy,Night,Truck,Rural
3255.0,Medium,Stormy,Evening,Car,Rural
3256.0,High,Snowy,Night,Car,Highway
3257.0,High,Snowy,Evening,,Rural
3258.0,Low,Stormy,,Car,Highway
3259.0,High,,,Bus,Rural
3260.0,Low,Clear,Night,Motorcycle,Rural
3261.0,High,Rainy,Night,Truck,Urban
,Low,Snowy,Afternoon,Bus,Rural
3263.0,,Rainy,Morning,Motorcycle,Highway
3264.0,Low,Rainy,Night,Bicycle,Urban
,,Foggy,Night,Car,Highway
3266.0,Medium,Clear,Night,,Highway
3267.0,High,Snowy,Evening,,Urban
3268.0,Medium,Stormy,,Bicycle,Rural
3269.0,High,Stormy,Morning,Car,Urban
3270.0,Medium,Rainy,Night,Bicycle,Highway
3271.0,High,Clear,Night,,Rural
3272.0,,Clear,Night,Bus,Urban
3273.0,,,Evening,Bicycle,Highway
,Low,Snowy,Morning,Bus,Rural
3275.0,,Rainy,,,Highway
3276.0,Medium,Rainy,Night,Bicycle,Rural
3277.0,Low,,Evening,,Rural
3278.0,Medium,,Evening,Bicycle,Urban
,Low,Clear,Afternoon,Bicycle,Rural
3280.0,High,,Afternoon,Motorcycle,Highway
3281.0,Medium,Clear,Morning,Car,Rural
3282.0,Medium,Stormy,Afternoon,Truck,Highway
3283.0,High,Stormy,Morning,Car,Rural
3284.0,Medium,Clear,Afternoon,Bicycle,Rural
3285.0,Medium,Stormy,Night,Car,Urban
3286.0,Medium,Stormy,Afternoon,Truck,
3287.0,,Stormy,Night,Car,Rural
3288.0,Low,Snowy,Morning,Truck,Highway
,Low,Snowy,Afternoon,Car,Highway
3290.0,High,,Afternoon,Bus,Highway
3291.0,High,,Afternoon,Bicycle,Rural
3292.0,,Foggy,Night,,Highway
3293.0,Low,Snowy,Night,Bicycle,Highway
3294.0,,Clear,Afternoon,Bus,Rural
3295.0,Low,,Morning,Car,Highway
3296.0,High,Foggy,Night,Bicycle,Urban
3297.0,Medium,Clear,Evening,Car,
3298.0,Low,Clear,Morning,Car,Highway
3299.0,Low,Clear,Morning,Bicycle,Highway
3300.0,High,Clear,Morning,Truck,Highway
3301.0,Medium,Rainy,Night,,Rural
3302.0,Low,Snowy,Afternoon,Bicycle,Urban
3303.0,High,Snowy,Afternoon,Truck,
3304.0,Medium,Snowy,Evening,Motorcycle,Highway
3305.0,Low,Foggy,Afternoon,Car,Highway
3306.0,High,,Evening,Bicycle,Rural
3307.0,Medium,Snowy,Evening,Bus,Rural
,Low,Snowy,Afternoon,Bicycle,Urban
3309.0,Low,Clear,Evening,Bicycle,Rural
3310.0,Medium,,Morning,Car,Urban
3311.0,High,Clear,Morning,Bus,
3312.0,High,Snowy,,Car,Highway
3313.0,Medium,,Night,,Urban
,Low,Snowy,Evening,Bicycle,Highway
,Medium,Foggy,Evening,Car,Rural
3316.0,Medium,Foggy,Morning,Motorcycle,Highway
3317.0,Medium,Stormy,Night,Bicycle,Highway
3318.0,Low,Rainy,Afternoon,Truck,Urban
3319.0,Medium,Clear,Morning,,Rural
3320.0,Medium,Clear,Night,Car,Rural
3321.0,Low,Rainy,Afternoon,Motorcycle,Highway
3322.0,Low,Rainy,Night,Truck,Highway
3323.0,Medium,Stormy,,Motorcycle,Rural
3324.0,High,Rainy,Evening,,Rural
3325.0,Medium,Snowy,Evening,,Urban
3326.0,Low,Clear,,Car,Highway
3327.0,Low,Rainy,Night,,Highway
,Low,Snowy,Afternoon,,Rural
3329.0,High,Rainy,Night,Car,Urban
3330.0,Low,Snowy,Night,Motorcycle,Rural
3331.0,High,,Afternoon,Car,Highway
3332.0,Low,Snowy,Afternoon,Truck,
3333.0,Low,Stormy,Evening,Truck,Highway
3334.0,Medium,Snowy,Morning,Bus,Highway
3335.0,High,Rainy,Night,Truck,Urban
3336.0,Medium,Foggy,Afternoon,Motorcycle,Highway
3337.0,High,Foggy,Evening,Truck,Rural
3338.0,Low,Snowy,Morning,,Urban
3339.0,Low,Rainy,Night,Bicycle,Urban
3340.0,High,Foggy,Evening,Bicycle,Highway
3341.0,Medium,Snowy,,Motorcycle,
3342.0,High,Snowy,Night,Bus,
3343.0,High,Snowy,Evening,Truck,Urban
3344.0,High,Foggy,Night,Bus,Urban
3345.0,Low,Clear,Morning,,Rural
3346.0,High,Rainy,Afternoon,Bus,Rural
3347.0,Low,Stormy,Evening,Truck,Rural
3348.0,,Stormy,,Motorcycle,Urban
,Low,Rainy,Night,Car,Rural
3350.0,Medium,Clear,Morning,Bus,Rural
3351.0,Medium,Rainy,,Bicycle,Rural
3352.0,Medium,Snowy,,Truck,
,Low,Rainy,,Motorcycle,Highway
3354.0,High,Rainy,Morning,Truck,Rural
3355.0,Low,Foggy,Afternoon,,Urban
3356.0,Medium,Stormy,Afternoon,Motorcycle,Urban
3357.0,High,Stormy,,Bicycle,Highway
3358.0,Low,Snowy,Night,Car,Rural
3359.0,Medium,Snowy,Afternoon,Bus,Urban
3360.0,Medium,Foggy,Afternoon,Motorcycle,Urban
3361.0,High,Snowy,Afternoon,,Urban
3362.0,,Clear,Afternoon,Motorcycle,Highway
3363.0,High,,Evening,Bus,
3364.0,High,Foggy,Evening,Motorcycle,Urban
3365.0,High,,Afternoon,Bicycle,Urban
3366.0,High,Rainy,Morning,Motorcycle,Urban
3367.0,Low,Clear,Night,Bus,Urban
3368.0,High,Foggy,Morning,,Rural
,Medium,Foggy,,Car,Rural
3370.0,Medium,Rainy,Afternoon,Car,Urban
3371.0,Medium,Stormy,Morning,Truck,Urban
3372.0,,Stormy,Evening,,Urban
3373.0,,Rainy,Evening,Bicycle,Highway
,Low,Snowy,Night,,
3375.0,High,Foggy,Evening,Truck,Highway
3376.0,,Clear,Evening,Motorcycle,Urban
3377.0,High,Stormy,,Bicycle,Highway
3378.0,Low,Snowy,Evening,Bus,Rural
3379.0,High,Foggy,Morning,Truck,Highway
3380.0,,Snowy,Morning,Truck,Urban
3381.0,Medium,Foggy,Evening,Car,Rural
3382.0,Medium,Foggy,Night,Bicycle,Urban
3383.0,High,Rainy,Night,Car,Rural
,,Rainy,Night,Car,
3385.0,,Clear,Evening,Bicycle,Highway
3386.0,,Clear,Night,Motorcycle,Rural
3387.0,Medium,Snowy,Evening,Truck,Rural
3388.0,,Rainy,Morning,Car,Urban
3389.0,Low,,,Truck,
3390.0,High,Rainy,Night,Bicycle,Urban
3391.0,Medium,Foggy,Night,,Rural
3392.0,High,Rainy,Morning,Bus,Rural
3393.0,Low,Foggy,Evening,Motorcycle,Highway
3394.0,Low,Snowy,Morning,Bicycle,
3395.0,Medium,Rainy,Morning,,Urban
,Low,Stormy,,Bus,Urban
3397.0,Medium,Stormy,Night,Car,
3398.0,High,,Evening,Motorcycle,Rural
3399.0,Medium,Snowy,Evening,Bicycle,Rural
3400.0,Medium,Foggy,,Motorcycle,Urban
3401.0,Low,Snowy,Afternoon,,Rural
,High,Clear,Morning,Bicycle,Highway
3403.0,High,Rainy,Afternoon,Motorcycle,Rural
3404.0,Medium,Snowy,Evening,,
3405.0,High,Foggy,,Bus,Urban
3406.0,High,,Evening,Car,Rural
3407.0,Medium,Foggy,Morning,,
3408.0,Medium,Stormy,Night,,Highway
3409.0,High,Stormy,Night,Truck,Urban
3410.0,Medium,Rainy,Morning,Bus,
,Low,Rainy,,Car,Highway
3412.0,High,Clear,Evening,Truck,Urban
3413.0,Medium,Stormy,Morning,Truck,Highway
3414.0,High,Snowy,Morning,Truck,Urban
3415.0,High,Stormy,Afternoon,Bicycle,Urban
3416.0,Low,Rainy,Morning,,Urban
,Low,Foggy,Night,Bus,Highway
,High,Clear,,Bus,Highway
3419.0,Low,Stormy,Evening,Bus,Rural
,Medium,Snowy,Evening,Bicycle,Urban
,High,Snowy,Evening,Bus,Urban
3422.0,Low,Snowy,Night,,Urban
3423.0,High,Clear,Night,Truck,
3424.0,High,Snowy,Afternoon,Bicycle,Urban
3425.0,Medium,Snowy,Morning,Bicycle,Urban
3426.0,Medium,Stormy,Afternoon,Bus,Urban
3427.0,Medium,Clear,Morning,Truck,Rural
,Low,Foggy,Morning,Car,Rural
3429.0,Low,Foggy,,Truck,Urban
3430.0,Low,Snowy,Evening,Motorcycle,Urban
3431.0,Medium,Rainy,Morning,Truck,Rural
3432.0,High,Clear,Night,,Rural
3433.0,Medium,Rainy,Afternoon,Car,Urban
,Low,,Evening,Car,Urban
3435.0,Low,Clear,Afternoon,Bicycle,Rural
3436.0,Low,Stormy,Afternoon,Bicycle,Rural
,Medium,Snowy,Night,Motorcycle,Urban
3438.0,Low,,Evening,Truck,Rural
3439.0,Medium,Rainy,Morning,Bus,Urban
3440.0,High,Rainy,Afternoon,Motorcycle,Highway
3441.0,Medium,Foggy,Morning,Bus,Urban
3442.0,Low,Stormy,Evening,Bus,Urban
3443.0,High,Stormy,Night,Motorcycle,Urban
,Low,Stormy,Night,Truck,Rural
3445.0,High,Foggy,Night,Bus,Urban
,Low,Stormy,Morning,Bicycle,Urban
3447.0,Medium,Stormy,,Bicycle,
3448.0,Low,Stormy,Evening,Motorcycle,Highway
3449.0,Medium,Stormy,Morning,Bus,Highway
3450.0,Medium,Rainy,Night,Motorcycle,Rural
3451.0,High,Snowy,Afternoon,Bicycle,Urban
3452.0,Medium,Rainy,Afternoon,Motorcycle,Highway
,Medium,Stormy,Afternoon,Bus,Highway
,Medium,Clear,,Bus,Rural
3455.0,High,Clear,Morning,Bicycle,Highway
3456.0,Low,Foggy,Afternoon,Car,Highway
3457.0,Low,Rainy,Morning,Car,Rural
3458.0,Medium,Foggy,Morning,Truck,Highway
3459.0,Medium,Foggy,Night,Bicycle,Urban
3460.0,,Clear,,Truck,Rural
3461.0,Medium,Rainy,Morning,,Urban
3462.0,Low,,Night,Bus,Urban
3463.0,High,Rainy,Evening,Bicycle,
3464.0,Medium,Foggy,Afternoon,Motorcycle,Highway
3465.0,,Stormy,,,Rural
3466.0,Low,Foggy,Morning,Bicycle,
3467.0,Low,Rainy,Evening,,Urban
3468.0,High,Clear,,Bicycle,Highway
3469.0,,Rainy,Morning,Car,Urban
3470.0,Low,Snowy,Night,Truck,Urban
,High,Stormy,Afternoon,Bus,
3472.0,Low,Stormy,Night,Bus,
3473.0,Low,,Afternoon,Bicycle,
3474.0,High,Rainy,Night,Bus,Highway
3475.0,High,Clear,Night,Bus,Highway
3476.0,High,Snowy,Evening,Truck,Urban
3477.0,High,Foggy,Night,Bicycle,Rural
3478.0,,Rainy,Morning,Truck,Highway
3479.0,High,Clear,Evening,Bicycle,Highway
3480.0,Medium,Rainy,Morning,Bus,Rural
3481.0,High,,Night,Bicycle,Highway
3482.0,Medium,Rainy,Night,Bicycle,Rural
3483.0,Low,,Evening,Motorcycle,Rural
3484.0,Low,,Afternoon,Bicycle,
3485.0,High,Rainy,,Motorcycle,Rural
3486.0,Low,Rainy,Afternoon,Truck,Rural
3487.0,High,Foggy,Afternoon,Motorcycle,Highway
3488.0,High,Foggy,,Truck,Urban
3489.0,Medium,Stormy,Morning,Bicycle,Highway
3490.0,Low,Stormy,Evening,Truck,Highway
3491.0,High,Foggy,Evening,Bus,Urban
3492.0,Low,Snowy,Night,Bicycle,Rural
3493.0,Medium,,Night,Motorcycle,Highway
3494.0,Low,Foggy,,Car,Urban
,Medium,Stormy,Evening,Bicycle,Urban
3496.0,Medium,Rainy,Morning,Bus,Highway
3497.0,Medium,Foggy,,Truck,Highway
3498.0,High,Foggy,,,Urban
3499.0,High,Stormy,Night,Motorcycle,Highway
3500.0,Low,Stormy,Night,Bus,
3501.0,High,,Morning,Bus,Highway
3502.0,High,Stormy,Afternoon,Bicycle,
3503.0,Low,Stormy,Afternoon,Car,Highway
3504.0,Medium,Stormy,Afternoon,Car,Highway
3505.0,Medium,,Night,Truck,Highway
3506.0,Low,Foggy,,Motorcycle,Rural
3507.0,High,Foggy,Afternoon,Bicycle,Highway
3508.0,,Stormy,Evening,Motorcycle,
3509.0,Low,Snowy,Afternoon,Bicycle,Urban
3510.0,High,Stormy,,Bus,Rural
3511.0,Low,,Night,Truck,Rural
3512.0,,Foggy,,Bus,Rural
3513.0,High,Snowy,Night,,Highway
,Low,Snowy,Morning,Truck,Highway
,Medium,Clear,Morning,,Urban
3516.0,High,Snowy,,Bicycle,
3517.0,Medium,Snowy,Afternoon,Truck,Highway
3518.0,High,,Afternoon,Bus,Urban
3519.0,Medium,Foggy,Morning,Truck,Highway
3520.0,,Stormy,Afternoon,Bus,Rural
3521.0,High,Clear,Evening,Truck,Highway
3522.0,Low,Snowy,Morning,Bus,Highway
3523.0,,Rainy,Afternoon,Car,Highway
3524.0,Low,Rainy,Afternoon,Truck,Urban
3525.0,High,Stormy,Night,Bus,Highway
3526.0,Low,Stormy,Afternoon,Motorcycle,Highway
3527.0,Low,Foggy,Afternoon,Motorcycle,Highway
3528.0,High,Snowy,Night,Truck,Rural
3529.0,Low,Rainy,Morning,Truck,Highway
3530.0,High,Clear,Morning,Bicycle,Highway
3531.0,Low,Foggy,Evening,,Highway
3532.0,Medium,Snowy,Night,Truck,Urban
3533.0,Low,Stormy,Morning,Motorcycle,Rural
3534.0,Medium,Snowy,Afternoon,Motorcycle,Rural
3535.0,High,Stormy,Afternoon,,Highway
,Medium,Snowy,,,Highway
3537.0,High,Clear,Evening,,Urban
3538.0,Low,Foggy,Morning,Truck,Highway
,Medium,Stormy,,Car,Urban
3540.0,Low,Clear,Morning,Bus,Highway
3541.0,Medium,Rainy,,Truck,Urban
3542.0,High,Clear,Night,Bicycle,Rural
3543.0,High,Clear,Morning,Truck,Highway
3544.0,High,Clear,Afternoon,Truck,Urban
3545.0,High,Stormy,Afternoon,,Urban
3546.0,,,Night,Truck,Highway
3547.0,Low,Foggy,Afternoon,Truck,Urban
,Low,Clear,Evening,Bus,Highway
3549.0,Low,Stormy,,Truck,Highway
3550.0,Low,Stormy,Night,Bus,Urban
,High,Foggy,Afternoon,Truck,Urban
,Low,Snowy,Night,Truck,Urban
3553.0,Low,,Evening,,Rural
3554.0,Low,Rainy,Evening,Truck,Highway
3555.0,High,Clear,Evening,Motorcycle,Highway
3556.0,High,Snowy,Morning,Truck,Rural
3557.0,,Rainy,,Bicycle,Rural
3558.0,High,,Afternoon,Bus,Urban
3559.0,Low,Snowy,Morning,Truck,Highway
3560.0,Low,Stormy,Evening,Truck,Rural
3561.0,Medium,Clear,Afternoon,Bus,Rural
3562.0,Low,Snowy,Evening,Car,
,High,Foggy,Afternoon,Motorcycle,Highway
3564.0,,Rainy,Afternoon,,Highway
3565.0,,Clear,Evening,Truck,Urban
3566.0,Medium,Stormy,Evening,Bus,Rural
3567.0,High,,Morning,,Urban
3568.0,Medium,Rainy,Evening,Truck,Highway
3569.0,High,Rainy,Afternoon,Motorcycle,Highway
,High,Snowy,Night,,Rural
3571.0,Low,Stormy,Morning,Bus,Urban
3572.0,High,Snowy,Afternoon,Bicycle,Urban
3573.0,Medium,Stormy,Afternoon,Car,
3574.0,Medium,Clear,Night,Bicycle,Highway
,Low,Clear,Evening,,Rural
3576.0,High,Snowy,Afternoon,Motorcycle,Urban
3577.0,Medium,Foggy,Night,Bus,
3578.0,Low,Rainy,Night,Truck,Highway
3579.0,,Snowy,Evening,,Urban
3580.0,Low,Snowy,Night,Bus,
3581.0,Medium,Clear,Night,Bus,
3582.0,High,Rainy,Night,Bus,
3583.0,,Snowy,Night,Truck,Highway
3584.0,Medium,Clear,Night,Car,Highway
,Low,Clear,Night,Truck,
3586.0,Low,,Afternoon,Bus,Highway
3587.0,Low,Snowy,Morning,Bus,Highway
3588.0,Medium,Clear,Evening,Motorcycle,
3589.0,,,Morning,Bicycle,Highway
3590.0,High,Rainy,Evening,Truck,Urban
3591.0,,Clear,Morning,Car,Urban
,Low,Clear,Evening,,Urban
3593.0,High,Snowy,Night,,Highway
3594.0,Low,,Morning,,Urban
3595.0,Low,Snowy,Morning,Truck,Highway
3596.0,Medium,Rainy,Evening,Bicycle,Urban
,Medium,Clear,Evening,Truck,Rural
3598.0,Low,Foggy,Afternoon,Motorcycle,Highway
3599.0,High,,Night,Truck,
3600.0,,,Night,Motorcycle,Highway
,Low,Clear,Afternoon,Bicycle,Rural
3602.0,Low,Foggy,Evening,,Urban
,Medium,Clear,Night,Bus,
3604.0,High,Rainy,,,
3605.0,High,Snowy,Night,Car,Urban
3606.0,High,Clear,Morning,Truck,Urban
3607.0,Medium,Clear,Morning,Motorcycle,Urban
,Medium,Snowy,Night,Motorcycle,Urban
3609.0,Low,Foggy,Night,Bicycle,Rural
3610.0,Medium,Foggy,Night,Truck,
3611.0,Low,Clear,Afternoon,Bicycle,
3612.0,Medium,Snowy,Night,Car,Highway
3613.0,Low,,,Bus,Highway
,Medium,Snowy,Afternoon,Bus,Highway
3615.0,High,,Morning,Truck,Rural
3616.0,Low,Snowy,Night,Bicycle,Urban
3617.0,Medium,Clear,,Bicycle,Urban
3618.0,Medium,,Morning,Car,Highway
3619.0,,Foggy,Afternoon,Bicycle,Urban
,Medium,Clear,Evening,Motorcycle,Urban
3621.0,High,Snowy,Afternoon,Motorcycle,Rural
3622.0,Low,,,Motorcycle,Urban
,Low,Foggy,Afternoon,Truck,Urban
3624.0,Low,Clear,Afternoon,Motorcycle,Rural
3625.0,Low,Stormy,Afternoon,Motorcycle,Urban
,Low,Rainy,,Bus,Highway
3627.0,High,Stormy,,Truck,Rural
3628.0,Low,Rainy,Morning,Motorcycle,Urban
3629.0,High,Rainy,,Car,Urban
3630.0,,Clear,Night,Motorcycle,Rural
3631.0,High,Rainy,Morning,Truck,Highway
3632.0,Low,Snowy,Afternoon,Bicycle,Rural
3633.0,High,Rainy,Morning,Bus,Highway
,Low,Rainy,Night,Bus,
3635.0,High,Foggy,Evening,Truck,Urban
3636.0,Low,Foggy,Night,Motorcycle,Rural
3637.0,Medium,Clear,Night,Car,Rural
3638.0,Medium,Clear,Morning,Motorcycle,Highway
3639.0,High,Snowy,Morning,Motorcycle,Rural
3640.0,Medium,Foggy,,Car,Highway
3641.0,High,Stormy,Evening,Bus,Rural
3642.0,High,Clear,Evening,Motorcycle,Urban
3643.0,High,Clear,Night,Bicycle,Rural
3644.0,,Foggy,Night,Bicycle,Urban
3645.0,High,,Evening,Truck,Highway
3646.0,Medium,Snowy,Evening,Truck,Highway
3647.0,Medium,Foggy,Evening,Car,Highway
3648.0,Low,Rainy,Afternoon,Car,Highway
3649.0,Medium,Stormy,Afternoon,Truck,Rural
3650.0,Low,,Evening,Motorcycle,Rural
3651.0,High,Rainy,Night,Bus,
3652.0,High,Rainy,Morning,Bicycle,
3653.0,Low,Clear,Night,Car,Rural
3654.0,High,,Morning,Truck,
3655.0,Low,Clear,Evening,Bicycle,Urban
3656.0,Low,Foggy,,Car,Rural
3657.0,High,Stormy,Afternoon,Car,Urban
3658.0,Low,Stormy,Morning,Motorcycle,Highway
3659.0,,Rainy,Evening,Car,Rural
3660.0,Low,Stormy,Afternoon,Bus,Rural
3661.0,High,Clear,Evening,Car,
3662.0,High,Foggy,Evening,Bus,Rural
3663.0,High,Rainy,Morning,Motorcycle,Rural
3664.0,,Snowy,Evening,Bus,Urban
3665.0,High,Stormy,Evening,Bicycle,Rural
3666.0,,Stormy,Morning,Car,
,Medium,,,Truck,Rural
,Low,Stormy,Night,Truck,Urban
3669.0,Medium,Stormy,Evening,Bus,Rural
3670.0,,Snowy,,Motorcycle,Rural
3671.0,High,Clear,,Bus,
3672.0,High,Rainy,Evening,Bus,Highway
3673.0,Low,Rainy,Night,,
3674.0,Low,Snowy,Afternoon,Bicycle,Urban
3675.0,Low,Snowy,,,
3676.0,Low,,,Bus,Urban
3677.0,Low,Foggy,Morning,Motorcycle,Rural
3678.0,Low,Rainy,Night,Car,Rural
3679.0,Medium,Stormy,Night,Truck,Rural
3680.0,High,Clear,Morning,Bicycle,Highway
3681.0,Medium,,,Car,Rural
3682.0,Low,Clear,Morning,Bicycle,Urban
,High,Foggy,Afternoon,Bicycle,Highway
3684.0,High,Rainy,Morning,Bicycle,Urban
3685.0,High,Stormy,Night,Bus,Urban
,Medium,,Evening,,Urban
,High,Clear,Evening,Bicycle,Urban
3688.0,Low,Foggy,Night,Bicycle,Urban
,Low,Clear,Night,Truck,Rural
3690.0,Medium,Clear,Afternoon,Car,Urban
3691.0,Medium,Snowy,Night,,Urban
3692.0,,Clear,Night,Motorcycle,Rural
3693.0,Medium,Foggy,Night,Motorcycle,Highway
3694.0,,Stormy,Evening,Motorcycle,Rural
3695.0,Medium,Snowy,,Bus,Highway
3696.0,High,Clear,Morning,Bus,Urban
3697.0,High,,Morning,Truck,Rural
3698.0,High,Snowy,Evening,Bus,Highway
3699.0,High,Foggy,,Motorcycle,Highway
3700.0,High,Rainy,Afternoon,,Rural
3701.0,Low,,Evening,Motorcycle,Rural
3702.0,Low,Rainy,Morning,Truck,
3703.0,Low,Stormy,Evening,Bicycle,Rural
3704.0,High,,Night,Bus,
3705.0,Medium,Rainy,Evening,Bicycle,Urban
3706.0,Medium,Foggy,Afternoon,Truck,Urban
3707.0,High,Snowy,Morning,Bus,Rural
3708.0,Medium,Foggy,Afternoon,Car,Rural
3709.0,High,Foggy,Afternoon,Motorcycle,Urban
3710.0,Medium,Rainy,Morning,,Highway
3711.0,,Foggy,Night,Truck,Urban
3712.0,Medium,,Morning,Truck,Rural
3713.0,Medium,Clear,Morning,Motorcycle,Highway
,Low,Snowy,Evening,Bicycle,
3715.0,Medium,,Morning,Car,Highway
3716.0,Medium,Foggy,Evening,Car,Rural
3717.0,High,Foggy,Afternoon,Truck,Urban
,Medium,Foggy,Morning,Truck,Rural
3719.0,Medium,Snowy,,,Urban
3720.0,Medium,Clear,Evening,Truck,Highway
3721.0,Medium,,Evening,Car,Urban
3722.0,Medium,Stormy,Night,Motorcycle,Highway
3723.0,Low,,Evening,Car,Rural
3724.0,Medium,Clear,Evening,Bicycle,Urban
3725.0,High,Clear,Night,Motorcycle,Highway
3726.0,High,Snowy,Afternoon,Motorcycle,Highway
3727.0,Medium,Foggy,Morning,Car,Highway
3728.0,Medium,Clear,Morning,Motorcycle,
3729.0,Medium,Foggy,Morning,Motorcycle,Rural
3730.0,Low,Snowy,Morning,,Rural
3731.0,,Rainy,Morning,Motorcycle,Rural
3732.0,Low,Rainy,Morning,Bicycle,
3733.0,Low,Foggy,,Motorcycle,
3734.0,Medium,Foggy,Morning,Truck,Highway
3735.0,Medium,Clear,,Bus,
3736.0,High,Snowy,Night,Bus,
3737.0,Medium,Rainy,Afternoon,Bicycle,
3738.0,High,Clear,Evening,Bicycle,Rural
3739.0,Low,Stormy,Afternoon,Motorcycle,
3740.0,High,Clear,Night,Motorcycle,Urban
3741.0,High,Foggy,Morning,Bus,Urban
3742.0,High,,Afternoon,Bus,Urban
3743.0,Low,Clear,Afternoon,Car,Urban
3744.0,Low,Snowy,Night,Bus,Highway
3745.0,Medium,Rainy,Night,Bus,Rural
3746.0,Medium,Stormy,,Bicycle,Rural
3747.0,High,Snowy,Evening,Car,Rural
,High,Clear,,Car,
3749.0,Low,Foggy,Afternoon,Motorcycle,Rural
3750.0,Low,Foggy,Night,Motorcycle,Urban
3751.0,Low,Snowy,Afternoon,,Rural
3752.0,High,Foggy,Morning,Car,Rural
3753.0,,Rainy,Night,Motorcycle,Highway
3754.0,Low,Snowy,Evening,Bicycle,Urban
3755.0,,Snowy,Night,Bicycle,Urban
3756.0,Low,Foggy,Afternoon,Bicycle,Urban
3757.0,Medium,Snowy,,Bicycle,Rural
3758.0,Low,Clear,Morning,Motorcycle,Urban
3759.0,High,Stormy,Morning,Truck,Urban
3760.0,High,Stormy,Afternoon,Bus,Rural
3761.0,High,Foggy,Night,Bus,Highway
3762.0,High,Rainy,Morning,Bus,Rural
3763.0,Low,Rainy,Afternoon,Bus,Highway
3764.0,Low,Foggy,Evening,Motorcycle,Highway
3765.0,,Foggy,Evening,Truck,Urban
3766.0,Low,,Afternoon,Motorcycle,Urban
3767.0,Medium,Rainy,Night,Truck,Rural
3768.0,,Stormy,Night,Motorcycle,Highway
3769.0,Low,Foggy,Night,Car,Rural
3770.0,High,Stormy,Night,Truck,Urban
3771.0,Medium,Stormy,Afternoon,,
3772.0,High,Rainy,Afternoon,Truck,Urban
3773.0,High,Stormy,Evening,Bicycle,Urban
3774.0,Low,Snowy,Evening,Truck,Urban
3775.0,Low,Snowy,Night,,Highway
3776.0,Medium,Rainy,Morning,Bicycle,Highway
3777.0,Medium,Snowy,Morning,Car,Urban
,Low,Foggy,Evening,Truck,Highway
3779.0,Medium,Rainy,Evening,Car,Urban
,Low,Stormy,Afternoon,Bus,Urban
3781.0,Low,,Evening,Truck,
3782.0,Low,Rainy,,,Highway
3783.0,Medium,Stormy,Night,Motorcycle,Rural
3784.0,High,Stormy,Morning,Motorcycle,Rural
3785.0,Medium,Stormy,,Bicycle,Highway
3786.0,High,Stormy,Afternoon,,Highway
3787.0,Medium,Stormy,,Bus,Urban
3788.0,High,Rainy,Night,Truck,Urban
3789.0,,,Night,Truck,
3790.0,Medium,,Afternoon,Bicycle,
3791.0,Medium,Foggy,Evening,Bicycle,Rural
3792.0,High,,Evening,Bicycle,Rural
3793.0,Low,Clear,Night,Bus,Highway
3794.0,High,Snowy,Afternoon,,
3795.0,,Foggy,Night,,Highway
3796.0,,Stormy,Morning,Bicycle,Rural
3797.0,High,Rainy,Morning,Motorcycle,Highway
3798.0,,,Night,Car,Rural
3799.0,Low,Stormy,,Car,Highway
3800.0,Medium,,Morning,Bicycle,Rural
3801.0,High,Rainy,Afternoon,Motorcycle,Urban
3802.0,High,Snowy,Evening,Bicycle,Urban
3803.0,Low,,Morning,Bicycle,Rural
3804.0,,,Night,Motorcycle,Rural
3805.0,,Foggy,Evening,Car,Urban
,High,Foggy,,,
3807.0,High,Clear,Morning,Motorcycle,Rural
3808.0,Low,,Afternoon,Car,
3809.0,Low,Snowy,Morning,Bus,Rural
3810.0,High,Stormy,Morning,Bicycle,Highway
3811.0,High,Clear,Morning,Bus,Urban
3812.0,,,Morning,Bus,Highway
3813.0,,Stormy,Morning,Bus,Rural
3814.0,Medium,Snowy,Night,Truck,Rural
3815.0,High,Clear,Morning,Truck,Highway
3816.0,High,Stormy,Afternoon,Bus,Rural
3817.0,High,Stormy,Evening,Bicycle,
3818.0,Low,Rainy,Night,Bus,Highway
3819.0,High,Stormy,Afternoon,Bus,Rural
3820.0,High,Snowy,Morning,Truck,
,High,,,Bus,Highway
3822.0,,Clear,,Bicycle,Highway
3823.0,High,Foggy,Afternoon,Bicycle,Highway
,,Snowy,Morning,Bus,Highway
3825.0,Low,Clear,Evening,Bicycle,Urban
3826.0,Medium,Rainy,,Bus,Highway
,Low,Foggy,Morning,Truck,Highway
3828.0,High,Clear,Night,Bus,Rural
,High,Snowy,Evening,Car,Highway
3830.0,,Rainy,Evening,Truck,Rural
3831.0,High,,Morning,Bicycle,Highway
3832.0,,Snowy,Afternoon,Bicycle,
3833.0,Low,Rainy,Evening,Truck,Urban
3834.0,High,Stormy,Afternoon,,Rural
3835.0,High,Snowy,Afternoon,Truck,Urban
3836.0,Medium,Rainy,Evening,Motorcycle,Rural
,Medium,Snowy,,Car,Highway
3838.0,High,Stormy,,Truck,Urban
3839.0,High,Rainy,Night,Motorcycle,Rural
3840.0,High,,Evening,Bus,Rural
3841.0,High,Clear,Evening,Car,Urban
3842.0,High,Clear,,Bus,Rural
3843.0,,Foggy,Night,Motorcycle,Highway
3844.0,Low,Snowy,Afternoon,,Rural
3845.0,Low,Snowy,Night,Bicycle,Highway
3846.0,Low,Rainy,Afternoon,Bicycle,Rural
3847.0,Medium,Foggy,Evening,Bus,Urban
,High,Snowy,Evening,,Highway
3849.0,Medium,Rainy,Night,Bus,Rural
3850.0,Medium,Stormy,Night,Bus,Highway
3851.0,Medium,Snowy,Night,Bicycle,
3852.0,Low,Snowy,Night,Bus,Rural
3853.0,,Stormy,Evening,Motorcycle,Rural
3854.0,High,Stormy,Evening,Truck,Highway
3855.0,Medium,Snowy,Morning,Truck,Urban
3856.0,Low,Stormy,Night,Truck,
3857.0,Medium,Rainy,Night,,Rural
3858.0,Medium,Snowy,,Bicycle,Highway
3859.0,High,,Afternoon,Truck,Rural
3860.0,Low,Clear,Evening,,Rural
3861.0,,Snowy,Morning,Truck,Highway
3862.0,Medium,Clear,Night,Bus,Urban
3863.0,High,Stormy,Morning,Truck,Rural
3864.0,Medium,Stormy,Morning,Truck,Rural
3865.0,Low,Rainy,Evening,,
3866.0,High,Clear,Morning,Bicycle,Highway
3867.0,High,Snowy,Night,Bicycle,Rural
3868.0,High,Clear,Evening,Bus,Urban
3869.0,High,Stormy,Morning,Truck,Highway
3870.0,High,Stormy,Evening,Motorcycle,Rural
3871.0,,Rainy,Evening,Bus,Urban
3872.0,Low,,Afternoon,,Highway
3873.0,High,Clear,Evening,Car,Highway
3874.0,,Snowy,Morning,,Rural
3875.0,Medium,Snowy,Afternoon,Bicycle,Highway
3876.0,High,,Night,Car,Rural
3877.0,High,Rainy,,Truck,Highway
3878.0,,Snowy,Night,Truck,Urban
3879.0,Low,Clear,Night,,Urban
3880.0,High,Clear,Night,Bus,Highway
3881.0,High,Stormy,Morning,,Rural
3882.0,Medium,Stormy,Evening,Bus,Highway
3883.0,Low,Rainy,Afternoon,Bus,Rural
3884.0,High,Rainy,Evening,Bicycle,Highway
3885.0,Low,Rainy,Evening,Bicycle,Urban
3886.0,High,Clear,Morning,,Rural
3887.0,High,Clear,,Motorcycle,Urban
3888.0,High,Stormy,Morning,Motorcycle,Urban
3889.0,High,Snowy,Afternoon,Bicycle,Urban
,Medium,Rainy,Morning,,Highway
3891.0,High,,Evening,Bus,Rural
3892.0,Medium,Rainy,Afternoon,Bicycle,
3893.0,Medium,,Morning,Truck,Rural
3894.0,High,Clear,,Truck,Rural
,,Stormy,Morning,Motorcycle,
3896.0,,Stormy,Evening,Bicycle,Highway
3897.0,High,Stormy,Morning,Truck,Urban
,High,Foggy,Evening,Bus,Urban
3899.0,,Foggy,Afternoon,Car,
3900.0,Low,Rainy,Morning,Bus,
,Low,Clear,Night,Car,Rural
3902.0,High,Stormy,Night,Bus,
3903.0,,Snowy,Evening,Truck,Urban
3904.0,Medium,Rainy,,Bicycle,Highway
3905.0,Low,Rainy,Morning,Car,Rural
3906.0,Low,,,Bicycle,Urban
3907.0,High,Rainy,Afternoon,Bicycle,Highway
3908.0,Medium,Stormy,Afternoon,Truck,Highway
3909.0,High,Rainy,Evening,Motorcycle,Rural
3910.0,Low,Clear,Night,Motorcycle,Highway
3911.0,Medium,Rainy,,,
3912.0,High,Rainy,,,Highway
3913.0,Low,Snowy,Afternoon,Bicycle,Rural
3914.0,,Clear,Night,Bus,
3915.0,High,,Evening,Bus,Urban
3916.0,Medium,,Afternoon,,
3917.0,Low,Rainy,Afternoon,,Highway
3918.0,High,Foggy,Morning,,Highway
3919.0,Low,Rainy,,Truck,Urban
3920.0,Medium,Stormy,Night,Bus,Rural
3921.0,Low,Snowy,Morning,Truck,Urban
3922.0,Medium,Clear,Evening,Truck,Highway
3923.0,High,Stormy,Afternoon,Bicycle,Highway
3924.0,Low,Stormy,Afternoon,Truck,Rural
3925.0,High,Foggy,Afternoon,Truck,
3926.0,High,Clear,Morning,Bicycle,
3927.0,,Rainy,,Motorcycle,Rural
,High,,Evening,Bicycle,Urban
3929.0,Low,Snowy,Evening,Car,Rural
3930.0,Low,Clear,Morning,Motorcycle,Urban
3931.0,High,Stormy,,Bus,Rural
3932.0,,,Night,,Rural
3933.0,Medium,Rainy,Night,Motorcycle,Rural
3934.0,High,Rainy,Afternoon,Bus,
3935.0,Medium,Rainy,Afternoon,,
3936.0,Medium,Snowy,,Bicycle,Highway
,High,Clear,Evening,Car,Urban
3938.0,Low,Foggy,,Car,Rural
3939.0,Medium,Clear,,Motorcycle,Urban
3940.0,Low,Rainy,Afternoon,Truck,Urban
3941.0,High,Snowy,Night,Bicycle,Rural
3942.0,High,Clear,Night,Motorcycle,Highway
3943.0,,Stormy,Morning,Motorcycle,Urban
3944.0,High,Clear,,Motorcycle,Urban
,Medium,Stormy,Evening,Car,Urban
,Medium,Clear,Evening,Bicycle,Highway
3947.0,Low,Clear,Night,Car,Rural
3948.0,Low,Clear,Morning,Car,Rural
3949.0,,Rainy,,Motorcycle,Urban
,High,Stormy,Morning,Bus,Rural
3951.0,Low,Snowy,Evening,,Highway
3952.0,Medium,Foggy,Morning,Bus,Rural
3953.0,Low,Stormy,Evening,Motorcycle,Urban
3954.0,Medium,Rainy,Morning,Truck,Urban
,High,Stormy,,Bicycle,Rural
3956.0,Medium,Snowy,,Motorcycle,Urban
3957.0,Low,Stormy,Afternoon,Motorcycle,Highway
3958.0,Medium,Rainy,Afternoon,Car,Highway
3959.0,,Rainy,Evening,Bus,Highway
3960.0,Low,Foggy,Afternoon,Motorcycle,
3961.0,,Snowy,Evening,,
,,Foggy,Night,Bicycle,Urban
3963.0,High,Clear,Night,Truck,Rural
3964.0,Medium,Rainy,Morning,Motorcycle,
3965.0,Medium,Foggy,Afternoon,Motorcycle,Rural
3966.0,,Rainy,Afternoon,,Urban
3967.0,High,Rainy,Afternoon,Truck,Rural
3968.0,Medium,Clear,Evening,Car,Rural
3969.0,,Rainy,Night,Truck,Highway
3970.0,,Foggy,Afternoon,Bus,Rural
3971.0,Low,Snowy,Morning,Bus,Rural
3972.0,Medium,Stormy,Afternoon,Truck,Rural
3973.0,Low,,Morning,Car,
,High,Clear,Afternoon,Bus,Rural
3975.0,High,Stormy,Afternoon,Motorcycle,Highway
3976.0,Medium,Rainy,Night,,Rural
,Medium,Foggy,Morning,Car,Rural
3978.0,High,,Afternoon,Truck,Rural
3979.0,Low,Foggy,Morning,Bicycle,Urban
3980.0,Low,,Morning,Bicycle,
3981.0,High,Foggy,Night,Motorcycle,Highway
3982.0,Medium,Clear,Night,Car,Rural
3983.0,High,Stormy,Morning,Bicycle,Rural
3984.0,Medium,,Night,Car,Urban
3985.0,Low,Stormy,Afternoon,Motorcycle,Rural
,Medium,Foggy,Afternoon,Truck,Highway
3987.0,Low,Rainy,Night,Bicycle,Rural
3988.0,High,Foggy,,Bicycle,
3989.0,,Foggy,Afternoon,Bicycle,Urban
3990.0,Low,Stormy,Evening,Car,Highway
3991.0,Medium,Rainy,Morning,Bicycle,Highway
3992.0,Low,Snowy,Morning,Car,Highway
3993.0,Low,Rainy,Evening,,Highway
3994.0,High,Foggy,Evening,Bus,Highway
,High,Clear,Morning,Car,Highway
3996.0,Medium,Rainy,Evening,Bus,Highway
3997.0,Low,Stormy,Night,Motorcycle,Highway
3998.0,,Clear,Night,Motorcycle,Highway
3999.0,Medium,Snowy,Morning,Bus,Urban
4000.0,High,Snowy,Night,Truck,Highway
